cf_path,octa_path,affine_cf_to_octa_path,affine_octa_to_cf_path
/data/student/Fengjunming/SDXL_ControlNet/data/CF_OCTA_v2_repaired/CF_train/000Fundus.png,/data/student/Fengjunming/SDXL_ControlNet/data/CF_OCTA_v2_repaired/OCTA_train/000OCTA.png,/data/student/Fengjunming/SDXL_ControlNet/data/CF_OCTA_v2_repaired/GT_CF_to_OCTA/000_CF_to_OCTA_affine.txt,/data/student/Fengjunming/SDXL_ControlNet/data/CF_OCTA_v2_repaired/GT_OCTA_to_CF/000_OCTA_to_CF_affine.txt
/data/student/Fengjunming/SDXL_ControlNet/data/CF_OCTA_v2_repaired/CF_train/001Fundus.png,/data/student/Fengjunming/SDXL_ControlNet/data/CF_OCTA_v2_repaired/OCTA_train/001OCTA.png,/data/student/Fengjunming/SDXL_ControlNet/data/CF_OCTA_v2_repaired/GT_CF_to_OCTA/001_CF_to_OCTA_affine.txt,/data/student/Fengjunming/SDXL_ControlNet/data/CF_OCTA_v2_repaired/GT_OCTA_to_CF/001_OCTA_to_CF_affine.txt
/data/student/Fengjunming/SDXL_ControlNet/data/CF_OCTA_v2_repaired/CF_train/002Fundus.png,/data/student/Fengjunming/SDXL_ControlNet/data/CF_OCTA_v2_repaired/OCTA_train/002OCTA.png,/data/student/Fengjunming/SDXL_ControlNet/data/CF_OCTA_v2_repaired/GT_CF_to_OCTA/002_CF_to_OCTA_affine.txt,/data/student/Fengjunming/SDXL_ControlNet/data/CF_OCTA_v2_repaired/GT_OCTA_to_CF/002_OCTA_to_CF_affine.txt
/data/student/Fengjunming/SDXL_ControlNet/data/CF_OCTA_v2_repaired/CF_train/003Fundus.png,/data/student/Fengjunming/SDXL_ControlNet/data/CF_OCTA_v2_repaired/OCTA_train/003OCTA.png,/data/student/Fengjunming/SDXL_ControlNet/data/CF_OCTA_v2_repaired/GT_CF_to_OCTA/003_CF_to_OCTA_affine.txt,/data/student/Fengjunming/SDXL_ControlNet/data/CF_OCTA_v2_repaired/GT_OCTA_to_CF/003_OCTA_to_CF_affine.txt
/data/student/Fengjunming/SDXL_ControlNet/data/CF_OCTA_v2_repaired/CF_train/004Fundus.png,/data/student/Fengjunming/SDXL_ControlNet/data/CF_OCTA_v2_repaired/OCTA_train/004OCTA.png,/data/student/Fengjunming/SDXL_ControlNet/data/CF_OCTA_v2_repaired/GT_CF_to_OCTA/004_CF_to_OCTA_affine.txt,/data/student/Fengjunming/SDXL_ControlNet/data/CF_OCTA_v2_repaired/GT_OCTA_to_CF/004_OCTA_to_CF_affine.txt
/data/student/Fengjunming/SDXL_ControlNet/data/CF_OCTA_v2_repaired/CF_train/005Fundus.png,/data/student/Fengjunming/SDXL_ControlNet/data/CF_OCTA_v2_repaired/OCTA_train/005OCTA.png,/data/student/Fengjunming/SDXL_ControlNet/data/CF_OCTA_v2_repaired/GT_CF_to_OCTA/005_CF_to_OCTA_affine.txt,/data/student/Fengjunming/SDXL_ControlNet/data/CF_OCTA_v2_repaired/GT_OCTA_to_CF/005_OCTA_to_CF_affine.txt
/data/student/Fengjunming/SDXL_ControlNet/data/CF_OCTA_v2_repaired/CF_train/006Fundus.png,/data/student/Fengjunming/SDXL_ControlNet/data/CF_OCTA_v2_repaired/OCTA_train/006OCTA.png,/data/student/Fengjunming/SDXL_ControlNet/data/CF_OCTA_v2_repaired/GT_CF_to_OCTA/006_CF_to_OCTA_affine.txt,/data/student/Fengjunming/SDXL_ControlNet/data/CF_OCTA_v2_repaired/GT_OCTA_to_CF/006_OCTA_to_CF_affine.txt
/data/student/Fengjunming/SDXL_ControlNet/data/CF_OCTA_v2_repaired/CF_train/007Fundus.png,/data/student/Fengjunming/SDXL_ControlNet/data/CF_OCTA_v2_repaired/OCTA_train/007OCTA.png,/data/student/Fengjunming/SDXL_ControlNet/data/CF_OCTA_v2_repaired/GT_CF_to_OCTA/007_CF_to_OCTA_affine.txt,/data/student/Fengjunming/SDXL_ControlNet/data/CF_OCTA_v2_repaired/GT_OCTA_to_CF/007_OCTA_to_CF_affine.txt
/data/student/Fengjunming/SDXL_ControlNet/data/CF_OCTA_v2_repaired/CF_train/008Fundus.png,/data/student/Fengjunming/SDXL_ControlNet/data/CF_OCTA_v2_repaired/OCTA_train/008OCTA.png,/data/student/Fengjunming/SDXL_ControlNet/data/CF_OCTA_v2_repaired/GT_CF_to_OCTA/008_CF_to_OCTA_affine.txt,/data/student/Fengjunming/SDXL_ControlNet/data/CF_OCTA_v2_repaired/GT_OCTA_to_CF/008_OCTA_to_CF_affine.txt
/data/student/Fengjunming/SDXL_ControlNet/data/CF_OCTA_v2_repaired/CF_train/009Fundus.png,/data/student/Fengjunming/SDXL_ControlNet/data/CF_OCTA_v2_repaired/OCTA_train/009OCTA.png,/data/student/Fengjunming/SDXL_ControlNet/data/CF_OCTA_v2_repaired/GT_CF_to_OCTA/009_CF_to_OCTA_affine.txt,/data/student/Fengjunming/SDXL_ControlNet/data/CF_OCTA_v2_repaired/GT_OCTA_to_CF/009_OCTA_to_CF_affine.txt
/data/student/Fengjunming/SDXL_ControlNet/data/CF_OCTA_v2_repaired/CF_train/010Fundus.png,/data/student/Fengjunming/SDXL_ControlNet/data/CF_OCTA_v2_repaired/OCTA_train/010OCTA.png,/data/student/Fengjunming/SDXL_ControlNet/data/CF_OCTA_v2_repaired/GT_CF_to_OCTA/010_CF_to_OCTA_affine.txt,/data/student/Fengjunming/SDXL_ControlNet/data/CF_OCTA_v2_repaired/GT_OCTA_to_CF/010_OCTA_to_CF_affine.txt
/data/student/Fengjunming/SDXL_ControlNet/data/CF_OCTA_v2_repaired/CF_train/011Fundus.png,/data/student/Fengjunming/SDXL_ControlNet/data/CF_OCTA_v2_repaired/OCTA_train/011OCTA.png,/data/student/Fengjunming/SDXL_ControlNet/data/CF_OCTA_v2_repaired/GT_CF_to_OCTA/011_CF_to_OCTA_affine.txt,/data/student/Fengjunming/SDXL_ControlNet/data/CF_OCTA_v2_repaired/GT_OCTA_to_CF/011_OCTA_to_CF_affine.txt
/data/student/Fengjunming/SDXL_ControlNet/data/CF_OCTA_v2_repaired/CF_train/012Fundus.png,/data/student/Fengjunming/SDXL_ControlNet/data/CF_OCTA_v2_repaired/OCTA_train/012OCTA.png,/data/student/Fengjunming/SDXL_ControlNet/data/CF_OCTA_v2_repaired/GT_CF_to_OCTA/012_CF_to_OCTA_affine.txt,/data/student/Fengjunming/SDXL_ControlNet/data/CF_OCTA_v2_repaired/GT_OCTA_to_CF/012_OCTA_to_CF_affine.txt
/data/student/Fengjunming/SDXL_ControlNet/data/CF_OCTA_v2_repaired/CF_train/013Fundus.png,/data/student/Fengjunming/SDXL_ControlNet/data/CF_OCTA_v2_repaired/OCTA_train/013OCTA.png,/data/student/Fengjunming/SDXL_ControlNet/data/CF_OCTA_v2_repaired/GT_CF_to_OCTA/013_CF_to_OCTA_affine.txt,/data/student/Fengjunming/SDXL_ControlNet/data/CF_OCTA_v2_repaired/GT_OCTA_to_CF/013_OCTA_to_CF_affine.txt
/data/student/Fengjunming/SDXL_ControlNet/data/CF_OCTA_v2_repaired/CF_train/014Fundus.png,/data/student/Fengjunming/SDXL_ControlNet/data/CF_OCTA_v2_repaired/OCTA_train/014OCTA.png,/data/student/Fengjunming/SDXL_ControlNet/data/CF_OCTA_v2_repaired/GT_CF_to_OCTA/014_CF_to_OCTA_affine.txt,/data/student/Fengjunming/SDXL_ControlNet/data/CF_OCTA_v2_repaired/GT_OCTA_to_CF/014_OCTA_to_CF_affine.txt
/data/student/Fengjunming/SDXL_ControlNet/data/CF_OCTA_v2_repaired/CF_train/015Fundus.png,/data/student/Fengjunming/SDXL_ControlNet/data/CF_OCTA_v2_repaired/OCTA_train/015OCTA.png,/data/student/Fengjunming/SDXL_ControlNet/data/CF_OCTA_v2_repaired/GT_CF_to_OCTA/015_CF_to_OCTA_affine.txt,/data/student/Fengjunming/SDXL_ControlNet/data/CF_OCTA_v2_repaired/GT_OCTA_to_CF/015_OCTA_to_CF_affine.txt
/data/student/Fengjunming/SDXL_ControlNet/data/CF_OCTA_v2_repaired/CF_train/016Fundus.png,/data/student/Fengjunming/SDXL_ControlNet/data/CF_OCTA_v2_repaired/OCTA_train/016OCTA.png,/data/student/Fengjunming/SDXL_ControlNet/data/CF_OCTA_v2_repaired/GT_CF_to_OCTA/016_CF_to_OCTA_affine.txt,/data/student/Fengjunming/SDXL_ControlNet/data/CF_OCTA_v2_repaired/GT_OCTA_to_CF/016_OCTA_to_CF_affine.txt
/data/student/Fengjunming/SDXL_ControlNet/data/CF_OCTA_v2_repaired/CF_train/017Fundus.png,/data/student/Fengjunming/SDXL_ControlNet/data/CF_OCTA_v2_repaired/OCTA_train/017OCTA.png,/data/student/Fengjunming/SDXL_ControlNet/data/CF_OCTA_v2_repaired/GT_CF_to_OCTA/017_CF_to_OCTA_affine.txt,/data/student/Fengjunming/SDXL_ControlNet/data/CF_OCTA_v2_repaired/GT_OCTA_to_CF/017_OCTA_to_CF_affine.txt
/data/student/Fengjunming/SDXL_ControlNet/data/CF_OCTA_v2_repaired/CF_train/018Fundus.png,/data/student/Fengjunming/SDXL_ControlNet/data/CF_OCTA_v2_repaired/OCTA_train/018OCTA.png,/data/student/Fengjunming/SDXL_ControlNet/data/CF_OCTA_v2_repaired/GT_CF_to_OCTA/018_CF_to_OCTA_affine.txt,/data/student/Fengjunming/SDXL_ControlNet/data/CF_OCTA_v2_repaired/GT_OCTA_to_CF/018_OCTA_to_CF_affine.txt
/data/student/Fengjunming/SDXL_ControlNet/data/CF_OCTA_v2_repaired/CF_train/019Fundus.png,/data/student/Fengjunming/SDXL_ControlNet/data/CF_OCTA_v2_repaired/OCTA_train/019OCTA.png,/data/student/Fengjunming/SDXL_ControlNet/data/CF_OCTA_v2_repaired/GT_CF_to_OCTA/019_CF_to_OCTA_affine.txt,/data/student/Fengjunming/SDXL_ControlNet/data/CF_OCTA_v2_repaired/GT_OCTA_to_CF/019_OCTA_to_CF_affine.txt
/data/student/Fengjunming/SDXL_ControlNet/data/CF_OCTA_v2_repaired/CF_train/020Fundus.png,/data/student/Fengjunming/SDXL_ControlNet/data/CF_OCTA_v2_repaired/OCTA_train/020OCTA.png,/data/student/Fengjunming/SDXL_ControlNet/data/CF_OCTA_v2_repaired/GT_CF_to_OCTA/020_CF_to_OCTA_affine.txt,/data/student/Fengjunming/SDXL_ControlNet/data/CF_OCTA_v2_repaired/GT_OCTA_to_CF/020_OCTA_to_CF_affine.txt
/data/student/Fengjunming/SDXL_ControlNet/data/CF_OCTA_v2_repaired/CF_train/021Fundus.png,/data/student/Fengjunming/SDXL_ControlNet/data/CF_OCTA_v2_repaired/OCTA_train/021OCTA.png,/data/student/Fengjunming/SDXL_ControlNet/data/CF_OCTA_v2_repaired/GT_CF_to_OCTA/021_CF_to_OCTA_affine.txt,/data/student/Fengjunming/SDXL_ControlNet/data/CF_OCTA_v2_repaired/GT_OCTA_to_CF/021_OCTA_to_CF_affine.txt
/data/student/Fengjunming/SDXL_ControlNet/data/CF_OCTA_v2_repaired/CF_train/022Fundus.png,/data/student/Fengjunming/SDXL_ControlNet/data/CF_OCTA_v2_repaired/OCTA_train/022OCTA.png,/data/student/Fengjunming/SDXL_ControlNet/data/CF_OCTA_v2_repaired/GT_CF_to_OCTA/022_CF_to_OCTA_affine.txt,/data/student/Fengjunming/SDXL_ControlNet/data/CF_OCTA_v2_repaired/GT_OCTA_to_CF/022_OCTA_to_CF_affine.txt
/data/student/Fengjunming/SDXL_ControlNet/data/CF_OCTA_v2_repaired/CF_train/023Fundus.png,/data/student/Fengjunming/SDXL_ControlNet/data/CF_OCTA_v2_repaired/OCTA_train/023OCTA.png,/data/student/Fengjunming/SDXL_ControlNet/data/CF_OCTA_v2_repaired/GT_CF_to_OCTA/023_CF_to_OCTA_affine.txt,/data/student/Fengjunming/SDXL_ControlNet/data/CF_OCTA_v2_repaired/GT_OCTA_to_CF/023_OCTA_to_CF_affine.txt
/data/student/Fengjunming/SDXL_ControlNet/data/CF_OCTA_v2_repaired/CF_train/024Fundus.png,/data/student/Fengjunming/SDXL_ControlNet/data/CF_OCTA_v2_repaired/OCTA_train/024OCTA.png,/data/student/Fengjunming/SDXL_ControlNet/data/CF_OCTA_v2_repaired/GT_CF_to_OCTA/024_CF_to_OCTA_affine.txt,/data/student/Fengjunming/SDXL_ControlNet/data/CF_OCTA_v2_repaired/GT_OCTA_to_CF/024_OCTA_to_CF_affine.txt
/data/student/Fengjunming/SDXL_ControlNet/data/CF_OCTA_v2_repaired/CF_train/025Fundus.png,/data/student/Fengjunming/SDXL_ControlNet/data/CF_OCTA_v2_repaired/OCTA_train/025OCTA.png,/data/student/Fengjunming/SDXL_ControlNet/data/CF_OCTA_v2_repaired/GT_CF_to_OCTA/025_CF_to_OCTA_affine.txt,/data/student/Fengjunming/SDXL_ControlNet/data/CF_OCTA_v2_repaired/GT_OCTA_to_CF/025_OCTA_to_CF_affine.txt
/data/student/Fengjunming/SDXL_ControlNet/data/CF_OCTA_v2_repaired/CF_train/026Fundus.png,/data/student/Fengjunming/SDXL_ControlNet/data/CF_OCTA_v2_repaired/OCTA_train/026OCTA.png,/data/student/Fengjunming/SDXL_ControlNet/data/CF_OCTA_v2_repaired/GT_CF_to_OCTA/026_CF_to_OCTA_affine.txt,/data/student/Fengjunming/SDXL_ControlNet/data/CF_OCTA_v2_repaired/GT_OCTA_to_CF/026_OCTA_to_CF_affine.txt
/data/student/Fengjunming/SDXL_ControlNet/data/CF_OCTA_v2_repaired/CF_train/027Fundus.png,/data/student/Fengjunming/SDXL_ControlNet/data/CF_OCTA_v2_repaired/OCTA_train/027OCTA.png,/data/student/Fengjunming/SDXL_ControlNet/data/CF_OCTA_v2_repaired/GT_CF_to_OCTA/027_CF_to_OCTA_affine.txt,/data/student/Fengjunming/SDXL_ControlNet/data/CF_OCTA_v2_repaired/GT_OCTA_to_CF/027_OCTA_to_CF_affine.txt
/data/student/Fengjunming/SDXL_ControlNet/data/CF_OCTA_v2_repaired/CF_train/028Fundus.png,/data/student/Fengjunming/SDXL_ControlNet/data/CF_OCTA_v2_repaired/OCTA_train/028OCTA.png,/data/student/Fengjunming/SDXL_ControlNet/data/CF_OCTA_v2_repaired/GT_CF_to_OCTA/028_CF_to_OCTA_affine.txt,/data/student/Fengjunming/SDXL_ControlNet/data/CF_OCTA_v2_repaired/GT_OCTA_to_CF/028_OCTA_to_CF_affine.txt
/data/student/Fengjunming/SDXL_ControlNet/data/CF_OCTA_v2_repaired/CF_train/029Fundus.png,/data/student/Fengjunming/SDXL_ControlNet/data/CF_OCTA_v2_repaired/OCTA_train/029OCTA.png,/data/student/Fengjunming/SDXL_ControlNet/data/CF_OCTA_v2_repaired/GT_CF_to_OCTA/029_CF_to_OCTA_affine.txt,/data/student/Fengjunming/SDXL_ControlNet/data/CF_OCTA_v2_repaired/GT_OCTA_to_CF/029_OCTA_to_CF_affine.txt
/data/student/Fengjunming/SDXL_ControlNet/data/CF_OCTA_v2_repaired/CF_train/030Fundus.png,/data/student/Fengjunming/SDXL_ControlNet/data/CF_OCTA_v2_repaired/OCTA_train/030OCTA.png,/data/student/Fengjunming/SDXL_ControlNet/data/CF_OCTA_v2_repaired/GT_CF_to_OCTA/030_CF_to_OCTA_affine.txt,/data/student/Fengjunming/SDXL_ControlNet/data/CF_OCTA_v2_repaired/GT_OCTA_to_CF/030_OCTA_to_CF_affine.txt
/data/student/Fengjunming/SDXL_ControlNet/data/CF_OCTA_v2_repaired/CF_train/031Fundus.png,/data/student/Fengjunming/SDXL_ControlNet/data/CF_OCTA_v2_repaired/OCTA_train/031OCTA.png,/data/student/Fengjunming/SDXL_ControlNet/data/CF_OCTA_v2_repaired/GT_CF_to_OCTA/031_CF_to_OCTA_affine.txt,/data/student/Fengjunming/SDXL_ControlNet/data/CF_OCTA_v2_repaired/GT_OCTA_to_CF/031_OCTA_to_CF_affine.txt
/data/student/Fengjunming/SDXL_ControlNet/data/CF_OCTA_v2_repaired/CF_train/032Fundus.png,/data/student/Fengjunming/SDXL_ControlNet/data/CF_OCTA_v2_repaired/OCTA_train/032OCTA.png,/data/student/Fengjunming/SDXL_ControlNet/data/CF_OCTA_v2_repaired/GT_CF_to_OCTA/032_CF_to_OCTA_affine.txt,/data/student/Fengjunming/SDXL_ControlNet/data/CF_OCTA_v2_repaired/GT_OCTA_to_CF/032_OCTA_to_CF_affine.txt
/data/student/Fengjunming/SDXL_ControlNet/data/CF_OCTA_v2_repaired/CF_train/033Fundus.png,/data/student/Fengjunming/SDXL_ControlNet/data/CF_OCTA_v2_repaired/OCTA_train/033OCTA.png,/data/student/Fengjunming/SDXL_ControlNet/data/CF_OCTA_v2_repaired/GT_CF_to_OCTA/033_CF_to_OCTA_affine.txt,/data/student/Fengjunming/SDXL_ControlNet/data/CF_OCTA_v2_repaired/GT_OCTA_to_CF/033_OCTA_to_CF_affine.txt
/data/student/Fengjunming/SDXL_ControlNet/data/CF_OCTA_v2_repaired/CF_train/034Fundus.png,/data/student/Fengjunming/SDXL_ControlNet/data/CF_OCTA_v2_repaired/OCTA_train/034OCTA.png,/data/student/Fengjunming/SDXL_ControlNet/data/CF_OCTA_v2_repaired/GT_CF_to_OCTA/034_CF_to_OCTA_affine.txt,/data/student/Fengjunming/SDXL_ControlNet/data/CF_OCTA_v2_repaired/GT_OCTA_to_CF/034_OCTA_to_CF_affine.txt
/data/student/Fengjunming/SDXL_ControlNet/data/CF_OCTA_v2_repaired/CF_train/035Fundus.png,/data/student/Fengjunming/SDXL_ControlNet/data/CF_OCTA_v2_repaired/OCTA_train/035OCTA.png,/data/student/Fengjunming/SDXL_ControlNet/data/CF_OCTA_v2_repaired/GT_CF_to_OCTA/035_CF_to_OCTA_affine.txt,/data/student/Fengjunming/SDXL_ControlNet/data/CF_OCTA_v2_repaired/GT_OCTA_to_CF/035_OCTA_to_CF_affine.txt
/data/student/Fengjunming/SDXL_ControlNet/data/CF_OCTA_v2_repaired/CF_train/036Fundus.png,/data/student/Fengjunming/SDXL_ControlNet/data/CF_OCTA_v2_repaired/OCTA_train/036OCTA.png,/data/student/Fengjunming/SDXL_ControlNet/data/CF_OCTA_v2_repaired/GT_CF_to_OCTA/036_CF_to_OCTA_affine.txt,/data/student/Fengjunming/SDXL_ControlNet/data/CF_OCTA_v2_repaired/GT_OCTA_to_CF/036_OCTA_to_CF_affine.txt
/data/student/Fengjunming/SDXL_ControlNet/data/CF_OCTA_v2_repaired/CF_train/037Fundus.png,/data/student/Fengjunming/SDXL_ControlNet/data/CF_OCTA_v2_repaired/OCTA_train/037OCTA.png,/data/student/Fengjunming/SDXL_ControlNet/data/CF_OCTA_v2_repaired/GT_CF_to_OCTA/037_CF_to_OCTA_affine.txt,/data/student/Fengjunming/SDXL_ControlNet/data/CF_OCTA_v2_repaired/GT_OCTA_to_CF/037_OCTA_to_CF_affine.txt
/data/student/Fengjunming/SDXL_ControlNet/data/CF_OCTA_v2_repaired/CF_train/038Fundus.png,/data/student/Fengjunming/SDXL_ControlNet/data/CF_OCTA_v2_repaired/OCTA_train/038OCTA.png,/data/student/Fengjunming/SDXL_ControlNet/data/CF_OCTA_v2_repaired/GT_CF_to_OCTA/038_CF_to_OCTA_affine.txt,/data/student/Fengjunming/SDXL_ControlNet/data/CF_OCTA_v2_repaired/GT_OCTA_to_CF/038_OCTA_to_CF_affine.txt
/data/student/Fengjunming/SDXL_ControlNet/data/CF_OCTA_v2_repaired/CF_train/039Fundus.png,/data/student/Fengjunming/SDXL_ControlNet/data/CF_OCTA_v2_repaired/OCTA_train/039OCTA.png,/data/student/Fengjunming/SDXL_ControlNet/data/CF_OCTA_v2_repaired/GT_CF_to_OCTA/039_CF_to_OCTA_affine.txt,/data/student/Fengjunming/SDXL_ControlNet/data/CF_OCTA_v2_repaired/GT_OCTA_to_CF/039_OCTA_to_CF_affine.txt
/data/student/Fengjunming/SDXL_ControlNet/data/CF_OCTA_v2_repaired/CF_train/040Fundus.png,/data/student/Fengjunming/SDXL_ControlNet/data/CF_OCTA_v2_repaired/OCTA_train/040OCTA.png,/data/student/Fengjunming/SDXL_ControlNet/data/CF_OCTA_v2_repaired/GT_CF_to_OCTA/040_CF_to_OCTA_affine.txt,/data/student/Fengjunming/SDXL_ControlNet/data/CF_OCTA_v2_repaired/GT_OCTA_to_CF/040_OCTA_to_CF_affine.txt
/data/student/Fengjunming/SDXL_ControlNet/data/CF_OCTA_v2_repaired/CF_train/041Fundus.png,/data/student/Fengjunming/SDXL_ControlNet/data/CF_OCTA_v2_repaired/OCTA_train/041OCTA.png,/data/student/Fengjunming/SDXL_ControlNet/data/CF_OCTA_v2_repaired/GT_CF_to_OCTA/041_CF_to_OCTA_affine.txt,/data/student/Fengjunming/SDXL_ControlNet/data/CF_OCTA_v2_repaired/GT_OCTA_to_CF/041_OCTA_to_CF_affine.txt
/data/student/Fengjunming/SDXL_ControlNet/data/CF_OCTA_v2_repaired/CF_train/042Fundus.png,/data/student/Fengjunming/SDXL_ControlNet/data/CF_OCTA_v2_repaired/OCTA_train/042OCTA.png,/data/student/Fengjunming/SDXL_ControlNet/data/CF_OCTA_v2_repaired/GT_CF_to_OCTA/042_CF_to_OCTA_affine.txt,/data/student/Fengjunming/SDXL_ControlNet/data/CF_OCTA_v2_repaired/GT_OCTA_to_CF/042_OCTA_to_CF_affine.txt
/data/student/Fengjunming/SDXL_ControlNet/data/CF_OCTA_v2_repaired/CF_train/043Fundus.png,/data/student/Fengjunming/SDXL_ControlNet/data/CF_OCTA_v2_repaired/OCTA_train/043OCTA.png,/data/student/Fengjunming/SDXL_ControlNet/data/CF_OCTA_v2_repaired/GT_CF_to_OCTA/043_CF_to_OCTA_affine.txt,/data/student/Fengjunming/SDXL_ControlNet/data/CF_OCTA_v2_repaired/GT_OCTA_to_CF/043_OCTA_to_CF_affine.txt
/data/student/Fengjunming/SDXL_ControlNet/data/CF_OCTA_v2_repaired/CF_train/044Fundus.png,/data/student/Fengjunming/SDXL_ControlNet/data/CF_OCTA_v2_repaired/OCTA_train/044OCTA.png,/data/student/Fengjunming/SDXL_ControlNet/data/CF_OCTA_v2_repaired/GT_CF_to_OCTA/044_CF_to_OCTA_affine.txt,/data/student/Fengjunming/SDXL_ControlNet/data/CF_OCTA_v2_repaired/GT_OCTA_to_CF/044_OCTA_to_CF_affine.txt
/data/student/Fengjunming/SDXL_ControlNet/data/CF_OCTA_v2_repaired/CF_train/045Fundus.png,/data/student/Fengjunming/SDXL_ControlNet/data/CF_OCTA_v2_repaired/OCTA_train/045OCTA.png,/data/student/Fengjunming/SDXL_ControlNet/data/CF_OCTA_v2_repaired/GT_CF_to_OCTA/045_CF_to_OCTA_affine.txt,/data/student/Fengjunming/SDXL_ControlNet/data/CF_OCTA_v2_repaired/GT_OCTA_to_CF/045_OCTA_to_CF_affine.txt
/data/student/Fengjunming/SDXL_ControlNet/data/CF_OCTA_v2_repaired/CF_train/046Fundus.png,/data/student/Fengjunming/SDXL_ControlNet/data/CF_OCTA_v2_repaired/OCTA_train/046OCTA.png,/data/student/Fengjunming/SDXL_ControlNet/data/CF_OCTA_v2_repaired/GT_CF_to_OCTA/046_CF_to_OCTA_affine.txt,/data/student/Fengjunming/SDXL_ControlNet/data/CF_OCTA_v2_repaired/GT_OCTA_to_CF/046_OCTA_to_CF_affine.txt
/data/student/Fengjunming/SDXL_ControlNet/data/CF_OCTA_v2_repaired/CF_train/047Fundus.png,/data/student/Fengjunming/SDXL_ControlNet/data/CF_OCTA_v2_repaired/OCTA_train/047OCTA.png,/data/student/Fengjunming/SDXL_ControlNet/data/CF_OCTA_v2_repaired/GT_CF_to_OCTA/047_CF_to_OCTA_affine.txt,/data/student/Fengjunming/SDXL_ControlNet/data/CF_OCTA_v2_repaired/GT_OCTA_to_CF/047_OCTA_to_CF_affine.txt
/data/student/Fengjunming/SDXL_ControlNet/data/CF_OCTA_v2_repaired/CF_train/048Fundus.png,/data/student/Fengjunming/SDXL_ControlNet/data/CF_OCTA_v2_repaired/OCTA_train/048OCTA.png,/data/student/Fengjunming/SDXL_ControlNet/data/CF_OCTA_v2_repaired/GT_CF_to_OCTA/048_CF_to_OCTA_affine.txt,/data/student/Fengjunming/SDXL_ControlNet/data/CF_OCTA_v2_repaired/GT_OCTA_to_CF/048_OCTA_to_CF_affine.txt
/data/student/Fengjunming/SDXL_ControlNet/data/CF_OCTA_v2_repaired/CF_train/049Fundus.png,/data/student/Fengjunming/SDXL_ControlNet/data/CF_OCTA_v2_repaired/OCTA_train/049OCTA.png,/data/student/Fengjunming/SDXL_ControlNet/data/CF_OCTA_v2_repaired/GT_CF_to_OCTA/049_CF_to_OCTA_affine.txt,/data/student/Fengjunming/SDXL_ControlNet/data/CF_OCTA_v2_repaired/GT_OCTA_to_CF/049_OCTA_to_CF_affine.txt
/data/student/Fengjunming/SDXL_ControlNet/data/CF_OCTA_v2_repaired/CF_train/050Fundus.png,/data/student/Fengjunming/SDXL_ControlNet/data/CF_OCTA_v2_repaired/OCTA_train/050OCTA.png,/data/student/Fengjunming/SDXL_ControlNet/data/CF_OCTA_v2_repaired/GT_CF_to_OCTA/050_CF_to_OCTA_affine.txt,/data/student/Fengjunming/SDXL_ControlNet/data/CF_OCTA_v2_repaired/GT_OCTA_to_CF/050_OCTA_to_CF_affine.txt
/data/student/Fengjunming/SDXL_ControlNet/data/CF_OCTA_v2_repaired/CF_train/051Fundus.png,/data/student/Fengjunming/SDXL_ControlNet/data/CF_OCTA_v2_repaired/OCTA_train/051OCTA.png,/data/student/Fengjunming/SDXL_ControlNet/data/CF_OCTA_v2_repaired/GT_CF_to_OCTA/051_CF_to_OCTA_affine.txt,/data/student/Fengjunming/SDXL_ControlNet/data/CF_OCTA_v2_repaired/GT_OCTA_to_CF/051_OCTA_to_CF_affine.txt
/data/student/Fengjunming/SDXL_ControlNet/data/CF_OCTA_v2_repaired/CF_train/052Fundus.png,/data/student/Fengjunming/SDXL_ControlNet/data/CF_OCTA_v2_repaired/OCTA_train/052OCTA.png,/data/student/Fengjunming/SDXL_ControlNet/data/CF_OCTA_v2_repaired/GT_CF_to_OCTA/052_CF_to_OCTA_affine.txt,/data/student/Fengjunming/SDXL_ControlNet/data/CF_OCTA_v2_repaired/GT_OCTA_to_CF/052_OCTA_to_CF_affine.txt
/data/student/Fengjunming/SDXL_ControlNet/data/CF_OCTA_v2_repaired/CF_train/053Fundus.png,/data/student/Fengjunming/SDXL_ControlNet/data/CF_OCTA_v2_repaired/OCTA_train/053OCTA.png,/data/student/Fengjunming/SDXL_ControlNet/data/CF_OCTA_v2_repaired/GT_CF_to_OCTA/053_CF_to_OCTA_affine.txt,/data/student/Fengjunming/SDXL_ControlNet/data/CF_OCTA_v2_repaired/GT_OCTA_to_CF/053_OCTA_to_CF_affine.txt
/data/student/Fengjunming/SDXL_ControlNet/data/CF_OCTA_v2_repaired/CF_train/054Fundus.png,/data/student/Fengjunming/SDXL_ControlNet/data/CF_OCTA_v2_repaired/OCTA_train/054OCTA.png,/data/student/Fengjunming/SDXL_ControlNet/data/CF_OCTA_v2_repaired/GT_CF_to_OCTA/054_CF_to_OCTA_affine.txt,/data/student/Fengjunming/SDXL_ControlNet/data/CF_OCTA_v2_repaired/GT_OCTA_to_CF/054_OCTA_to_CF_affine.txt
/data/student/Fengjunming/SDXL_ControlNet/data/CF_OCTA_v2_repaired/CF_train/055Fundus.png,/data/student/Fengjunming/SDXL_ControlNet/data/CF_OCTA_v2_repaired/OCTA_train/055OCTA.png,/data/student/Fengjunming/SDXL_ControlNet/data/CF_OCTA_v2_repaired/GT_CF_to_OCTA/055_CF_to_OCTA_affine.txt,/data/student/Fengjunming/SDXL_ControlNet/data/CF_OCTA_v2_repaired/GT_OCTA_to_CF/055_OCTA_to_CF_affine.txt
/data/student/Fengjunming/SDXL_ControlNet/data/CF_OCTA_v2_repaired/CF_train/056Fundus.png,/data/student/Fengjunming/SDXL_ControlNet/data/CF_OCTA_v2_repaired/OCTA_train/056OCTA.png,/data/student/Fengjunming/SDXL_ControlNet/data/CF_OCTA_v2_repaired/GT_CF_to_OCTA/056_CF_to_OCTA_affine.txt,/data/student/Fengjunming/SDXL_ControlNet/data/CF_OCTA_v2_repaired/GT_OCTA_to_CF/056_OCTA_to_CF_affine.txt
/data/student/Fengjunming/SDXL_ControlNet/data/CF_OCTA_v2_repaired/CF_train/057Fundus.png,/data/student/Fengjunming/SDXL_ControlNet/data/CF_OCTA_v2_repaired/OCTA_train/057OCTA.png,/data/student/Fengjunming/SDXL_ControlNet/data/CF_OCTA_v2_repaired/GT_CF_to_OCTA/057_CF_to_OCTA_affine.txt,/data/student/Fengjunming/SDXL_ControlNet/data/CF_OCTA_v2_repaired/GT_OCTA_to_CF/057_OCTA_to_CF_affine.txt
/data/student/Fengjunming/SDXL_ControlNet/data/CF_OCTA_v2_repaired/CF_train/058Fundus.png,/data/student/Fengjunming/SDXL_ControlNet/data/CF_OCTA_v2_repaired/OCTA_train/058OCTA.png,/data/student/Fengjunming/SDXL_ControlNet/data/CF_OCTA_v2_repaired/GT_CF_to_OCTA/058_CF_to_OCTA_affine.txt,/data/student/Fengjunming/SDXL_ControlNet/data/CF_OCTA_v2_repaired/GT_OCTA_to_CF/058_OCTA_to_CF_affine.txt
/data/student/Fengjunming/SDXL_ControlNet/data/CF_OCTA_v2_repaired/CF_train/059Fundus.png,/data/student/Fengjunming/SDXL_ControlNet/data/CF_OCTA_v2_repaired/OCTA_train/059OCTA.png,/data/student/Fengjunming/SDXL_ControlNet/data/CF_OCTA_v2_repaired/GT_CF_to_OCTA/059_CF_to_OCTA_affine.txt,/data/student/Fengjunming/SDXL_ControlNet/data/CF_OCTA_v2_repaired/GT_OCTA_to_CF/059_OCTA_to_CF_affine.txt
/data/student/Fengjunming/SDXL_ControlNet/data/CF_OCTA_v2_repaired/CF_train/060Fundus.png,/data/student/Fengjunming/SDXL_ControlNet/data/CF_OCTA_v2_repaired/OCTA_train/060OCTA.png,/data/student/Fengjunming/SDXL_ControlNet/data/CF_OCTA_v2_repaired/GT_CF_to_OCTA/060_CF_to_OCTA_affine.txt,/data/student/Fengjunming/SDXL_ControlNet/data/CF_OCTA_v2_repaired/GT_OCTA_to_CF/060_OCTA_to_CF_affine.txt
/data/student/Fengjunming/SDXL_ControlNet/data/CF_OCTA_v2_repaired/CF_train/061Fundus.png,/data/student/Fengjunming/SDXL_ControlNet/data/CF_OCTA_v2_repaired/OCTA_train/061OCTA.png,/data/student/Fengjunming/SDXL_ControlNet/data/CF_OCTA_v2_repaired/GT_CF_to_OCTA/061_CF_to_OCTA_affine.txt,/data/student/Fengjunming/SDXL_ControlNet/data/CF_OCTA_v2_repaired/GT_OCTA_to_CF/061_OCTA_to_CF_affine.txt
/data/student/Fengjunming/SDXL_ControlNet/data/CF_OCTA_v2_repaired/CF_train/062Fundus.png,/data/student/Fengjunming/SDXL_ControlNet/data/CF_OCTA_v2_repaired/OCTA_train/062OCTA.png,/data/student/Fengjunming/SDXL_ControlNet/data/CF_OCTA_v2_repaired/GT_CF_to_OCTA/062_CF_to_OCTA_affine.txt,/data/student/Fengjunming/SDXL_ControlNet/data/CF_OCTA_v2_repaired/GT_OCTA_to_CF/062_OCTA_to_CF_affine.txt
/data/student/Fengjunming/SDXL_ControlNet/data/CF_OCTA_v2_repaired/CF_train/063Fundus.png,/data/student/Fengjunming/SDXL_ControlNet/data/CF_OCTA_v2_repaired/OCTA_train/063OCTA.png,/data/student/Fengjunming/SDXL_ControlNet/data/CF_OCTA_v2_repaired/GT_CF_to_OCTA/063_CF_to_OCTA_affine.txt,/data/student/Fengjunming/SDXL_ControlNet/data/CF_OCTA_v2_repaired/GT_OCTA_to_CF/063_OCTA_to_CF_affine.txt
/data/student/Fengjunming/SDXL_ControlNet/data/CF_OCTA_v2_repaired/CF_train/064Fundus.png,/data/student/Fengjunming/SDXL_ControlNet/data/CF_OCTA_v2_repaired/OCTA_train/064OCTA.png,/data/student/Fengjunming/SDXL_ControlNet/data/CF_OCTA_v2_repaired/GT_CF_to_OCTA/064_CF_to_OCTA_affine.txt,/data/student/Fengjunming/SDXL_ControlNet/data/CF_OCTA_v2_repaired/GT_OCTA_to_CF/064_OCTA_to_CF_affine.txt
/data/student/Fengjunming/SDXL_ControlNet/data/CF_OCTA_v2_repaired/CF_train/065Fundus.png,/data/student/Fengjunming/SDXL_ControlNet/data/CF_OCTA_v2_repaired/OCTA_train/065OCTA.png,/data/student/Fengjunming/SDXL_ControlNet/data/CF_OCTA_v2_repaired/GT_CF_to_OCTA/065_CF_to_OCTA_affine.txt,/data/student/Fengjunming/SDXL_ControlNet/data/CF_OCTA_v2_repaired/GT_OCTA_to_CF/065_OCTA_to_CF_affine.txt
/data/student/Fengjunming/SDXL_ControlNet/data/CF_OCTA_v2_repaired/CF_train/066Fundus.png,/data/student/Fengjunming/SDXL_ControlNet/data/CF_OCTA_v2_repaired/OCTA_train/066OCTA.png,/data/student/Fengjunming/SDXL_ControlNet/data/CF_OCTA_v2_repaired/GT_CF_to_OCTA/066_CF_to_OCTA_affine.txt,/data/student/Fengjunming/SDXL_ControlNet/data/CF_OCTA_v2_repaired/GT_OCTA_to_CF/066_OCTA_to_CF_affine.txt
/data/student/Fengjunming/SDXL_ControlNet/data/CF_OCTA_v2_repaired/CF_train/067Fundus.png,/data/student/Fengjunming/SDXL_ControlNet/data/CF_OCTA_v2_repaired/OCTA_train/067OCTA.png,/data/student/Fengjunming/SDXL_ControlNet/data/CF_OCTA_v2_repaired/GT_CF_to_OCTA/067_CF_to_OCTA_affine.txt,/data/student/Fengjunming/SDXL_ControlNet/data/CF_OCTA_v2_repaired/GT_OCTA_to_CF/067_OCTA_to_CF_affine.txt
/data/student/Fengjunming/SDXL_ControlNet/data/CF_OCTA_v2_repaired/CF_train/068Fundus.png,/data/student/Fengjunming/SDXL_ControlNet/data/CF_OCTA_v2_repaired/OCTA_train/068OCTA.png,/data/student/Fengjunming/SDXL_ControlNet/data/CF_OCTA_v2_repaired/GT_CF_to_OCTA/068_CF_to_OCTA_affine.txt,/data/student/Fengjunming/SDXL_ControlNet/data/CF_OCTA_v2_repaired/GT_OCTA_to_CF/068_OCTA_to_CF_affine.txt
/data/student/Fengjunming/SDXL_ControlNet/data/CF_OCTA_v2_repaired/CF_train/069Fundus.png,/data/student/Fengjunming/SDXL_ControlNet/data/CF_OCTA_v2_repaired/OCTA_train/069OCTA.png,/data/student/Fengjunming/SDXL_ControlNet/data/CF_OCTA_v2_repaired/GT_CF_to_OCTA/069_CF_to_OCTA_affine.txt,/data/student/Fengjunming/SDXL_ControlNet/data/CF_OCTA_v2_repaired/GT_OCTA_to_CF/069_OCTA_to_CF_affine.txt
/data/student/Fengjunming/SDXL_ControlNet/data/CF_OCTA_v2_repaired/CF_train/070Fundus.png,/data/student/Fengjunming/SDXL_ControlNet/data/CF_OCTA_v2_repaired/OCTA_train/070OCTA.png,/data/student/Fengjunming/SDXL_ControlNet/data/CF_OCTA_v2_repaired/GT_CF_to_OCTA/070_CF_to_OCTA_affine.txt,/data/student/Fengjunming/SDXL_ControlNet/data/CF_OCTA_v2_repaired/GT_OCTA_to_CF/070_OCTA_to_CF_affine.txt
/data/student/Fengjunming/SDXL_ControlNet/data/CF_OCTA_v2_repaired/CF_train/071Fundus.png,/data/student/Fengjunming/SDXL_ControlNet/data/CF_OCTA_v2_repaired/OCTA_train/071OCTA.png,/data/student/Fengjunming/SDXL_ControlNet/data/CF_OCTA_v2_repaired/GT_CF_to_OCTA/071_CF_to_OCTA_affine.txt,/data/student/Fengjunming/SDXL_ControlNet/data/CF_OCTA_v2_repaired/GT_OCTA_to_CF/071_OCTA_to_CF_affine.txt
/data/student/Fengjunming/SDXL_ControlNet/data/CF_OCTA_v2_repaired/CF_train/072Fundus.png,/data/student/Fengjunming/SDXL_ControlNet/data/CF_OCTA_v2_repaired/OCTA_train/072OCTA.png,/data/student/Fengjunming/SDXL_ControlNet/data/CF_OCTA_v2_repaired/GT_CF_to_OCTA/072_CF_to_OCTA_affine.txt,/data/student/Fengjunming/SDXL_ControlNet/data/CF_OCTA_v2_repaired/GT_OCTA_to_CF/072_OCTA_to_CF_affine.txt
/data/student/Fengjunming/SDXL_ControlNet/data/CF_OCTA_v2_repaired/CF_train/073Fundus.png,/data/student/Fengjunming/SDXL_ControlNet/data/CF_OCTA_v2_repaired/OCTA_train/073OCTA.png,/data/student/Fengjunming/SDXL_ControlNet/data/CF_OCTA_v2_repaired/GT_CF_to_OCTA/073_CF_to_OCTA_affine.txt,/data/student/Fengjunming/SDXL_ControlNet/data/CF_OCTA_v2_repaired/GT_OCTA_to_CF/073_OCTA_to_CF_affine.txt
/data/student/Fengjunming/SDXL_ControlNet/data/CF_OCTA_v2_repaired/CF_train/074Fundus.png,/data/student/Fengjunming/SDXL_ControlNet/data/CF_OCTA_v2_repaired/OCTA_train/074OCTA.png,/data/student/Fengjunming/SDXL_ControlNet/data/CF_OCTA_v2_repaired/GT_CF_to_OCTA/074_CF_to_OCTA_affine.txt,/data/student/Fengjunming/SDXL_ControlNet/data/CF_OCTA_v2_repaired/GT_OCTA_to_CF/074_OCTA_to_CF_affine.txt
/data/student/Fengjunming/SDXL_ControlNet/data/CF_OCTA_v2_repaired/CF_train/075Fundus.png,/data/student/Fengjunming/SDXL_ControlNet/data/CF_OCTA_v2_repaired/OCTA_train/075OCTA.png,/data/student/Fengjunming/SDXL_ControlNet/data/CF_OCTA_v2_repaired/GT_CF_to_OCTA/075_CF_to_OCTA_affine.txt,/data/student/Fengjunming/SDXL_ControlNet/data/CF_OCTA_v2_repaired/GT_OCTA_to_CF/075_OCTA_to_CF_affine.txt
/data/student/Fengjunming/SDXL_ControlNet/data/CF_OCTA_v2_repaired/CF_train/076Fundus.png,/data/student/Fengjunming/SDXL_ControlNet/data/CF_OCTA_v2_repaired/OCTA_train/076OCTA.png,/data/student/Fengjunming/SDXL_ControlNet/data/CF_OCTA_v2_repaired/GT_CF_to_OCTA/076_CF_to_OCTA_affine.txt,/data/student/Fengjunming/SDXL_ControlNet/data/CF_OCTA_v2_repaired/GT_OCTA_to_CF/076_OCTA_to_CF_affine.txt
/data/student/Fengjunming/SDXL_ControlNet/data/CF_OCTA_v2_repaired/CF_train/077Fundus.png,/data/student/Fengjunming/SDXL_ControlNet/data/CF_OCTA_v2_repaired/OCTA_train/077OCTA.png,/data/student/Fengjunming/SDXL_ControlNet/data/CF_OCTA_v2_repaired/GT_CF_to_OCTA/077_CF_to_OCTA_affine.txt,/data/student/Fengjunming/SDXL_ControlNet/data/CF_OCTA_v2_repaired/GT_OCTA_to_CF/077_OCTA_to_CF_affine.txt
/data/student/Fengjunming/SDXL_ControlNet/data/CF_OCTA_v2_repaired/CF_train/078Fundus.png,/data/student/Fengjunming/SDXL_ControlNet/data/CF_OCTA_v2_repaired/OCTA_train/078OCTA.png,/data/student/Fengjunming/SDXL_ControlNet/data/CF_OCTA_v2_repaired/GT_CF_to_OCTA/078_CF_to_OCTA_affine.txt,/data/student/Fengjunming/SDXL_ControlNet/data/CF_OCTA_v2_repaired/GT_OCTA_to_CF/078_OCTA_to_CF_affine.txt
/data/student/Fengjunming/SDXL_ControlNet/data/CF_OCTA_v2_repaired/CF_train/079Fundus.png,/data/student/Fengjunming/SDXL_ControlNet/data/CF_OCTA_v2_repaired/OCTA_train/079OCTA.png,/data/student/Fengjunming/SDXL_ControlNet/data/CF_OCTA_v2_repaired/GT_CF_to_OCTA/079_CF_to_OCTA_affine.txt,/data/student/Fengjunming/SDXL_ControlNet/data/CF_OCTA_v2_repaired/GT_OCTA_to_CF/079_OCTA_to_CF_affine.txt
/data/student/Fengjunming/SDXL_ControlNet/data/CF_OCTA_v2_repaired/CF_train/080Fundus.png,/data/student/Fengjunming/SDXL_ControlNet/data/CF_OCTA_v2_repaired/OCTA_train/080OCTA.png,/data/student/Fengjunming/SDXL_ControlNet/data/CF_OCTA_v2_repaired/GT_CF_to_OCTA/080_CF_to_OCTA_affine.txt,/data/student/Fengjunming/SDXL_ControlNet/data/CF_OCTA_v2_repaired/GT_OCTA_to_CF/080_OCTA_to_CF_affine.txt
/data/student/Fengjunming/SDXL_ControlNet/data/CF_OCTA_v2_repaired/CF_train/081Fundus.png,/data/student/Fengjunming/SDXL_ControlNet/data/CF_OCTA_v2_repaired/OCTA_train/081OCTA.png,/data/student/Fengjunming/SDXL_ControlNet/data/CF_OCTA_v2_repaired/GT_CF_to_OCTA/081_CF_to_OCTA_affine.txt,/data/student/Fengjunming/SDXL_ControlNet/data/CF_OCTA_v2_repaired/GT_OCTA_to_CF/081_OCTA_to_CF_affine.txt
/data/student/Fengjunming/SDXL_ControlNet/data/CF_OCTA_v2_repaired/CF_train/082Fundus.png,/data/student/Fengjunming/SDXL_ControlNet/data/CF_OCTA_v2_repaired/OCTA_train/082OCTA.png,/data/student/Fengjunming/SDXL_ControlNet/data/CF_OCTA_v2_repaired/GT_CF_to_OCTA/082_CF_to_OCTA_affine.txt,/data/student/Fengjunming/SDXL_ControlNet/data/CF_OCTA_v2_repaired/GT_OCTA_to_CF/082_OCTA_to_CF_affine.txt
/data/student/Fengjunming/SDXL_ControlNet/data/CF_OCTA_v2_repaired/CF_train/083Fundus.png,/data/student/Fengjunming/SDXL_ControlNet/data/CF_OCTA_v2_repaired/OCTA_train/083OCTA.png,/data/student/Fengjunming/SDXL_ControlNet/data/CF_OCTA_v2_repaired/GT_CF_to_OCTA/083_CF_to_OCTA_affine.txt,/data/student/Fengjunming/SDXL_ControlNet/data/CF_OCTA_v2_repaired/GT_OCTA_to_CF/083_OCTA_to_CF_affine.txt
/data/student/Fengjunming/SDXL_ControlNet/data/CF_OCTA_v2_repaired/CF_train/084Fundus.png,/data/student/Fengjunming/SDXL_ControlNet/data/CF_OCTA_v2_repaired/OCTA_train/084OCTA.png,/data/student/Fengjunming/SDXL_ControlNet/data/CF_OCTA_v2_repaired/GT_CF_to_OCTA/084_CF_to_OCTA_affine.txt,/data/student/Fengjunming/SDXL_ControlNet/data/CF_OCTA_v2_repaired/GT_OCTA_to_CF/084_OCTA_to_CF_affine.txt
/data/student/Fengjunming/SDXL_ControlNet/data/CF_OCTA_v2_repaired/CF_train/085Fundus.png,/data/student/Fengjunming/SDXL_ControlNet/data/CF_OCTA_v2_repaired/OCTA_train/085OCTA.png,/data/student/Fengjunming/SDXL_ControlNet/data/CF_OCTA_v2_repaired/GT_CF_to_OCTA/085_CF_to_OCTA_affine.txt,/data/student/Fengjunming/SDXL_ControlNet/data/CF_OCTA_v2_repaired/GT_OCTA_to_CF/085_OCTA_to_CF_affine.txt
/data/student/Fengjunming/SDXL_ControlNet/data/CF_OCTA_v2_repaired/CF_train/086Fundus.png,/data/student/Fengjunming/SDXL_ControlNet/data/CF_OCTA_v2_repaired/OCTA_train/086OCTA.png,/data/student/Fengjunming/SDXL_ControlNet/data/CF_OCTA_v2_repaired/GT_CF_to_OCTA/086_CF_to_OCTA_affine.txt,/data/student/Fengjunming/SDXL_ControlNet/data/CF_OCTA_v2_repaired/GT_OCTA_to_CF/086_OCTA_to_CF_affine.txt
/data/student/Fengjunming/SDXL_ControlNet/data/CF_OCTA_v2_repaired/CF_train/087Fundus.png,/data/student/Fengjunming/SDXL_ControlNet/data/CF_OCTA_v2_repaired/OCTA_train/087OCTA.png,/data/student/Fengjunming/SDXL_ControlNet/data/CF_OCTA_v2_repaired/GT_CF_to_OCTA/087_CF_to_OCTA_affine.txt,/data/student/Fengjunming/SDXL_ControlNet/data/CF_OCTA_v2_repaired/GT_OCTA_to_CF/087_OCTA_to_CF_affine.txt
/data/student/Fengjunming/SDXL_ControlNet/data/CF_OCTA_v2_repaired/CF_train/088Fundus.png,/data/student/Fengjunming/SDXL_ControlNet/data/CF_OCTA_v2_repaired/OCTA_train/088OCTA.png,/data/student/Fengjunming/SDXL_ControlNet/data/CF_OCTA_v2_repaired/GT_CF_to_OCTA/088_CF_to_OCTA_affine.txt,/data/student/Fengjunming/SDXL_ControlNet/data/CF_OCTA_v2_repaired/GT_OCTA_to_CF/088_OCTA_to_CF_affine.txt
/data/student/Fengjunming/SDXL_ControlNet/data/CF_OCTA_v2_repaired/CF_train/089Fundus.png,/data/student/Fengjunming/SDXL_ControlNet/data/CF_OCTA_v2_repaired/OCTA_train/089OCTA.png,/data/student/Fengjunming/SDXL_ControlNet/data/CF_OCTA_v2_repaired/GT_CF_to_OCTA/089_CF_to_OCTA_affine.txt,/data/student/Fengjunming/SDXL_ControlNet/data/CF_OCTA_v2_repaired/GT_OCTA_to_CF/089_OCTA_to_CF_affine.txt
/data/student/Fengjunming/SDXL_ControlNet/data/CF_OCTA_v2_repaired/CF_train/090Fundus.png,/data/student/Fengjunming/SDXL_ControlNet/data/CF_OCTA_v2_repaired/OCTA_train/090OCTA.png,/data/student/Fengjunming/SDXL_ControlNet/data/CF_OCTA_v2_repaired/GT_CF_to_OCTA/090_CF_to_OCTA_affine.txt,/data/student/Fengjunming/SDXL_ControlNet/data/CF_OCTA_v2_repaired/GT_OCTA_to_CF/090_OCTA_to_CF_affine.txt
/data/student/Fengjunming/SDXL_ControlNet/data/CF_OCTA_v2_repaired/CF_train/091Fundus.png,/data/student/Fengjunming/SDXL_ControlNet/data/CF_OCTA_v2_repaired/OCTA_train/091OCTA.png,/data/student/Fengjunming/SDXL_ControlNet/data/CF_OCTA_v2_repaired/GT_CF_to_OCTA/091_CF_to_OCTA_affine.txt,/data/student/Fengjunming/SDXL_ControlNet/data/CF_OCTA_v2_repaired/GT_OCTA_to_CF/091_OCTA_to_CF_affine.txt
/data/student/Fengjunming/SDXL_ControlNet/data/CF_OCTA_v2_repaired/CF_train/092Fundus.png,/data/student/Fengjunming/SDXL_ControlNet/data/CF_OCTA_v2_repaired/OCTA_train/092OCTA.png,/data/student/Fengjunming/SDXL_ControlNet/data/CF_OCTA_v2_repaired/GT_CF_to_OCTA/092_CF_to_OCTA_affine.txt,/data/student/Fengjunming/SDXL_ControlNet/data/CF_OCTA_v2_repaired/GT_OCTA_to_CF/092_OCTA_to_CF_affine.txt
/data/student/Fengjunming/SDXL_ControlNet/data/CF_OCTA_v2_repaired/CF_train/093Fundus.png,/data/student/Fengjunming/SDXL_ControlNet/data/CF_OCTA_v2_repaired/OCTA_train/093OCTA.png,/data/student/Fengjunming/SDXL_ControlNet/data/CF_OCTA_v2_repaired/GT_CF_to_OCTA/093_CF_to_OCTA_affine.txt,/data/student/Fengjunming/SDXL_ControlNet/data/CF_OCTA_v2_repaired/GT_OCTA_to_CF/093_OCTA_to_CF_affine.txt
/data/student/Fengjunming/SDXL_ControlNet/data/CF_OCTA_v2_repaired/CF_train/094Fundus.png,/data/student/Fengjunming/SDXL_ControlNet/data/CF_OCTA_v2_repaired/OCTA_train/094OCTA.png,/data/student/Fengjunming/SDXL_ControlNet/data/CF_OCTA_v2_repaired/GT_CF_to_OCTA/094_CF_to_OCTA_affine.txt,/data/student/Fengjunming/SDXL_ControlNet/data/CF_OCTA_v2_repaired/GT_OCTA_to_CF/094_OCTA_to_CF_affine.txt
/data/student/Fengjunming/SDXL_ControlNet/data/CF_OCTA_v2_repaired/CF_train/095Fundus.png,/data/student/Fengjunming/SDXL_ControlNet/data/CF_OCTA_v2_repaired/OCTA_train/095OCTA.png,/data/student/Fengjunming/SDXL_ControlNet/data/CF_OCTA_v2_repaired/GT_CF_to_OCTA/095_CF_to_OCTA_affine.txt,/data/student/Fengjunming/SDXL_ControlNet/data/CF_OCTA_v2_repaired/GT_OCTA_to_CF/095_OCTA_to_CF_affine.txt
/data/student/Fengjunming/SDXL_ControlNet/data/CF_OCTA_v2_repaired/CF_train/096Fundus.png,/data/student/Fengjunming/SDXL_ControlNet/data/CF_OCTA_v2_repaired/OCTA_train/096OCTA.png,/data/student/Fengjunming/SDXL_ControlNet/data/CF_OCTA_v2_repaired/GT_CF_to_OCTA/096_CF_to_OCTA_affine.txt,/data/student/Fengjunming/SDXL_ControlNet/data/CF_OCTA_v2_repaired/GT_OCTA_to_CF/096_OCTA_to_CF_affine.txt
/data/student/Fengjunming/SDXL_ControlNet/data/CF_OCTA_v2_repaired/CF_train/097Fundus.png,/data/student/Fengjunming/SDXL_ControlNet/data/CF_OCTA_v2_repaired/OCTA_train/097OCTA.png,/data/student/Fengjunming/SDXL_ControlNet/data/CF_OCTA_v2_repaired/GT_CF_to_OCTA/097_CF_to_OCTA_affine.txt,/data/student/Fengjunming/SDXL_ControlNet/data/CF_OCTA_v2_repaired/GT_OCTA_to_CF/097_OCTA_to_CF_affine.txt
/data/student/Fengjunming/SDXL_ControlNet/data/CF_OCTA_v2_repaired/CF_train/098Fundus.png,/data/student/Fengjunming/SDXL_ControlNet/data/CF_OCTA_v2_repaired/OCTA_train/098OCTA.png,/data/student/Fengjunming/SDXL_ControlNet/data/CF_OCTA_v2_repaired/GT_CF_to_OCTA/098_CF_to_OCTA_affine.txt,/data/student/Fengjunming/SDXL_ControlNet/data/CF_OCTA_v2_repaired/GT_OCTA_to_CF/098_OCTA_to_CF_affine.txt
/data/student/Fengjunming/SDXL_ControlNet/data/CF_OCTA_v2_repaired/CF_train/099Fundus.png,/data/student/Fengjunming/SDXL_ControlNet/data/CF_OCTA_v2_repaired/OCTA_train/099OCTA.png,/data/student/Fengjunming/SDXL_ControlNet/data/CF_OCTA_v2_repaired/GT_CF_to_OCTA/099_CF_to_OCTA_affine.txt,/data/student/Fengjunming/SDXL_ControlNet/data/CF_OCTA_v2_repaired/GT_OCTA_to_CF/099_OCTA_to_CF_affine.txt
/data/student/Fengjunming/SDXL_ControlNet/data/CF_OCTA_v2_repaired/CF_train/100Fundus.png,/data/student/Fengjunming/SDXL_ControlNet/data/CF_OCTA_v2_repaired/OCTA_train/100OCTA.png,/data/student/Fengjunming/SDXL_ControlNet/data/CF_OCTA_v2_repaired/GT_CF_to_OCTA/100_CF_to_OCTA_affine.txt,/data/student/Fengjunming/SDXL_ControlNet/data/CF_OCTA_v2_repaired/GT_OCTA_to_CF/100_OCTA_to_CF_affine.txt
/data/student/Fengjunming/SDXL_ControlNet/data/CF_OCTA_v2_repaired/CF_train/101Fundus.png,/data/student/Fengjunming/SDXL_ControlNet/data/CF_OCTA_v2_repaired/OCTA_train/101OCTA.png,/data/student/Fengjunming/SDXL_ControlNet/data/CF_OCTA_v2_repaired/GT_CF_to_OCTA/101_CF_to_OCTA_affine.txt,/data/student/Fengjunming/SDXL_ControlNet/data/CF_OCTA_v2_repaired/GT_OCTA_to_CF/101_OCTA_to_CF_affine.txt
/data/student/Fengjunming/SDXL_ControlNet/data/CF_OCTA_v2_repaired/CF_train/102Fundus.png,/data/student/Fengjunming/SDXL_ControlNet/data/CF_OCTA_v2_repaired/OCTA_train/102OCTA.png,/data/student/Fengjunming/SDXL_ControlNet/data/CF_OCTA_v2_repaired/GT_CF_to_OCTA/102_CF_to_OCTA_affine.txt,/data/student/Fengjunming/SDXL_ControlNet/data/CF_OCTA_v2_repaired/GT_OCTA_to_CF/102_OCTA_to_CF_affine.txt
/data/student/Fengjunming/SDXL_ControlNet/data/CF_OCTA_v2_repaired/CF_train/103Fundus.png,/data/student/Fengjunming/SDXL_ControlNet/data/CF_OCTA_v2_repaired/OCTA_train/103OCTA.png,/data/student/Fengjunming/SDXL_ControlNet/data/CF_OCTA_v2_repaired/GT_CF_to_OCTA/103_CF_to_OCTA_affine.txt,/data/student/Fengjunming/SDXL_ControlNet/data/CF_OCTA_v2_repaired/GT_OCTA_to_CF/103_OCTA_to_CF_affine.txt
/data/student/Fengjunming/SDXL_ControlNet/data/CF_OCTA_v2_repaired/CF_train/104Fundus.png,/data/student/Fengjunming/SDXL_ControlNet/data/CF_OCTA_v2_repaired/OCTA_train/104OCTA.png,/data/student/Fengjunming/SDXL_ControlNet/data/CF_OCTA_v2_repaired/GT_CF_to_OCTA/104_CF_to_OCTA_affine.txt,/data/student/Fengjunming/SDXL_ControlNet/data/CF_OCTA_v2_repaired/GT_OCTA_to_CF/104_OCTA_to_CF_affine.txt
/data/student/Fengjunming/SDXL_ControlNet/data/CF_OCTA_v2_repaired/CF_train/105Fundus.png,/data/student/Fengjunming/SDXL_ControlNet/data/CF_OCTA_v2_repaired/OCTA_train/105OCTA.png,/data/student/Fengjunming/SDXL_ControlNet/data/CF_OCTA_v2_repaired/GT_CF_to_OCTA/105_CF_to_OCTA_affine.txt,/data/student/Fengjunming/SDXL_ControlNet/data/CF_OCTA_v2_repaired/GT_OCTA_to_CF/105_OCTA_to_CF_affine.txt
/data/student/Fengjunming/SDXL_ControlNet/data/CF_OCTA_v2_repaired/CF_train/106Fundus.png,/data/student/Fengjunming/SDXL_ControlNet/data/CF_OCTA_v2_repaired/OCTA_train/106OCTA.png,/data/student/Fengjunming/SDXL_ControlNet/data/CF_OCTA_v2_repaired/GT_CF_to_OCTA/106_CF_to_OCTA_affine.txt,/data/student/Fengjunming/SDXL_ControlNet/data/CF_OCTA_v2_repaired/GT_OCTA_to_CF/106_OCTA_to_CF_affine.txt
/data/student/Fengjunming/SDXL_ControlNet/data/CF_OCTA_v2_repaired/CF_train/107Fundus.png,/data/student/Fengjunming/SDXL_ControlNet/data/CF_OCTA_v2_repaired/OCTA_train/107OCTA.png,/data/student/Fengjunming/SDXL_ControlNet/data/CF_OCTA_v2_repaired/GT_CF_to_OCTA/107_CF_to_OCTA_affine.txt,/data/student/Fengjunming/SDXL_ControlNet/data/CF_OCTA_v2_repaired/GT_OCTA_to_CF/107_OCTA_to_CF_affine.txt
/data/student/Fengjunming/SDXL_ControlNet/data/CF_OCTA_v2_repaired/CF_train/108Fundus.png,/data/student/Fengjunming/SDXL_ControlNet/data/CF_OCTA_v2_repaired/OCTA_train/108OCTA.png,/data/student/Fengjunming/SDXL_ControlNet/data/CF_OCTA_v2_repaired/GT_CF_to_OCTA/108_CF_to_OCTA_affine.txt,/data/student/Fengjunming/SDXL_ControlNet/data/CF_OCTA_v2_repaired/GT_OCTA_to_CF/108_OCTA_to_CF_affine.txt
/data/student/Fengjunming/SDXL_ControlNet/data/CF_OCTA_v2_repaired/CF_train/109Fundus.png,/data/student/Fengjunming/SDXL_ControlNet/data/CF_OCTA_v2_repaired/OCTA_train/109OCTA.png,/data/student/Fengjunming/SDXL_ControlNet/data/CF_OCTA_v2_repaired/GT_CF_to_OCTA/109_CF_to_OCTA_affine.txt,/data/student/Fengjunming/SDXL_ControlNet/data/CF_OCTA_v2_repaired/GT_OCTA_to_CF/109_OCTA_to_CF_affine.txt
/data/student/Fengjunming/SDXL_ControlNet/data/CF_OCTA_v2_repaired/CF_train/110Fundus.png,/data/student/Fengjunming/SDXL_ControlNet/data/CF_OCTA_v2_repaired/OCTA_train/110OCTA.png,/data/student/Fengjunming/SDXL_ControlNet/data/CF_OCTA_v2_repaired/GT_CF_to_OCTA/110_CF_to_OCTA_affine.txt,/data/student/Fengjunming/SDXL_ControlNet/data/CF_OCTA_v2_repaired/GT_OCTA_to_CF/110_OCTA_to_CF_affine.txt
/data/student/Fengjunming/SDXL_ControlNet/data/CF_OCTA_v2_repaired/CF_train/111Fundus.png,/data/student/Fengjunming/SDXL_ControlNet/data/CF_OCTA_v2_repaired/OCTA_train/111OCTA.png,/data/student/Fengjunming/SDXL_ControlNet/data/CF_OCTA_v2_repaired/GT_CF_to_OCTA/111_CF_to_OCTA_affine.txt,/data/student/Fengjunming/SDXL_ControlNet/data/CF_OCTA_v2_repaired/GT_OCTA_to_CF/111_OCTA_to_CF_affine.txt
