cf_path,oct_path,cf_pts_path,oct_pts_path
/data/student/Fengjunming/SDXL_ControlNet/data/CF_OCT_augmented/067/067_02.png,/data/student/Fengjunming/SDXL_ControlNet/data/CF_OCT_augmented/067/067_01.png,/data/student/Fengjunming/SDXL_ControlNet/data/CF_OCT_augmented/067/067_02.txt,/data/student/Fengjunming/SDXL_ControlNet/data/CF_OCT_augmented/067/067_01.txt
/data/student/Fengjunming/SDXL_ControlNet/data/CF_OCT_augmented/188/188_02.png,/data/student/Fengjunming/SDXL_ControlNet/data/CF_OCT_augmented/188/188_01.png,/data/student/Fengjunming/SDXL_ControlNet/data/CF_OCT_augmented/188/188_02.txt,/data/student/Fengjunming/SDXL_ControlNet/data/CF_OCT_augmented/188/188_01.txt
/data/student/Fengjunming/SDXL_ControlNet/data/CF_OCT_augmented/102/102_02.png,/data/student/Fengjunming/SDXL_ControlNet/data/CF_OCT_augmented/102/102_01.png,/data/student/Fengjunming/SDXL_ControlNet/data/CF_OCT_augmented/102/102_02.txt,/data/student/Fengjunming/SDXL_ControlNet/data/CF_OCT_augmented/102/102_01.txt
/data/student/Fengjunming/SDXL_ControlNet/data/CF_OCT_augmented/194/194_02.png,/data/student/Fengjunming/SDXL_ControlNet/data/CF_OCT_augmented/194/194_01.png,/data/student/Fengjunming/SDXL_ControlNet/data/CF_OCT_augmented/194/194_02.txt,/data/student/Fengjunming/SDXL_ControlNet/data/CF_OCT_augmented/194/194_01.txt
/data/student/Fengjunming/SDXL_ControlNet/data/CF_OCT_augmented/112/112_02.png,/data/student/Fengjunming/SDXL_ControlNet/data/CF_OCT_augmented/112/112_01.png,/data/student/Fengjunming/SDXL_ControlNet/data/CF_OCT_augmented/112/112_02.txt,/data/student/Fengjunming/SDXL_ControlNet/data/CF_OCT_augmented/112/112_01.txt
/data/student/Fengjunming/SDXL_ControlNet/data/CF_OCT_augmented/122/122_02.png,/data/student/Fengjunming/SDXL_ControlNet/data/CF_OCT_augmented/122/122_01.png,/data/student/Fengjunming/SDXL_ControlNet/data/CF_OCT_augmented/122/122_02.txt,/data/student/Fengjunming/SDXL_ControlNet/data/CF_OCT_augmented/122/122_01.txt
/data/student/Fengjunming/SDXL_ControlNet/data/CF_OCT_augmented/014/014_02.png,/data/student/Fengjunming/SDXL_ControlNet/data/CF_OCT_augmented/014/014_01.png,/data/student/Fengjunming/SDXL_ControlNet/data/CF_OCT_augmented/014/014_02.txt,/data/student/Fengjunming/SDXL_ControlNet/data/CF_OCT_augmented/014/014_01.txt
/data/student/Fengjunming/SDXL_ControlNet/data/CF_OCT_augmented/003/003_02.png,/data/student/Fengjunming/SDXL_ControlNet/data/CF_OCT_augmented/003/003_01.png,/data/student/Fengjunming/SDXL_ControlNet/data/CF_OCT_augmented/003/003_02.txt,/data/student/Fengjunming/SDXL_ControlNet/data/CF_OCT_augmented/003/003_01.txt
/data/student/Fengjunming/SDXL_ControlNet/data/CF_OCT_augmented/065/065_02.png,/data/student/Fengjunming/SDXL_ControlNet/data/CF_OCT_augmented/065/065_01.png,/data/student/Fengjunming/SDXL_ControlNet/data/CF_OCT_augmented/065/065_02.txt,/data/student/Fengjunming/SDXL_ControlNet/data/CF_OCT_augmented/065/065_01.txt
/data/student/Fengjunming/SDXL_ControlNet/data/CF_OCT_augmented/045/045_02.png,/data/student/Fengjunming/SDXL_ControlNet/data/CF_OCT_augmented/045/045_01.png,/data/student/Fengjunming/SDXL_ControlNet/data/CF_OCT_augmented/045/045_02.txt,/data/student/Fengjunming/SDXL_ControlNet/data/CF_OCT_augmented/045/045_01.txt
/data/student/Fengjunming/SDXL_ControlNet/data/CF_OCT_augmented/137/137_02.png,/data/student/Fengjunming/SDXL_ControlNet/data/CF_OCT_augmented/137/137_01.png,/data/student/Fengjunming/SDXL_ControlNet/data/CF_OCT_augmented/137/137_02.txt,/data/student/Fengjunming/SDXL_ControlNet/data/CF_OCT_augmented/137/137_01.txt
/data/student/Fengjunming/SDXL_ControlNet/data/CF_OCT_augmented/171/171_02.png,/data/student/Fengjunming/SDXL_ControlNet/data/CF_OCT_augmented/171/171_01.png,/data/student/Fengjunming/SDXL_ControlNet/data/CF_OCT_augmented/171/171_02.txt,/data/student/Fengjunming/SDXL_ControlNet/data/CF_OCT_augmented/171/171_01.txt
/data/student/Fengjunming/SDXL_ControlNet/data/CF_OCT_augmented/129/129_02.png,/data/student/Fengjunming/SDXL_ControlNet/data/CF_OCT_augmented/129/129_01.png,/data/student/Fengjunming/SDXL_ControlNet/data/CF_OCT_augmented/129/129_02.txt,/data/student/Fengjunming/SDXL_ControlNet/data/CF_OCT_augmented/129/129_01.txt
/data/student/Fengjunming/SDXL_ControlNet/data/CF_OCT_augmented/077/077_02.png,/data/student/Fengjunming/SDXL_ControlNet/data/CF_OCT_augmented/077/077_01.png,/data/student/Fengjunming/SDXL_ControlNet/data/CF_OCT_augmented/077/077_02.txt,/data/student/Fengjunming/SDXL_ControlNet/data/CF_OCT_augmented/077/077_01.txt
/data/student/Fengjunming/SDXL_ControlNet/data/CF_OCT_augmented/159/159_02.png,/data/student/Fengjunming/SDXL_ControlNet/data/CF_OCT_augmented/159/159_01.png,/data/student/Fengjunming/SDXL_ControlNet/data/CF_OCT_augmented/159/159_02.txt,/data/student/Fengjunming/SDXL_ControlNet/data/CF_OCT_augmented/159/159_01.txt
/data/student/Fengjunming/SDXL_ControlNet/data/CF_OCT_augmented/168/168_02.png,/data/student/Fengjunming/SDXL_ControlNet/data/CF_OCT_augmented/168/168_01.png,/data/student/Fengjunming/SDXL_ControlNet/data/CF_OCT_augmented/168/168_02.txt,/data/student/Fengjunming/SDXL_ControlNet/data/CF_OCT_augmented/168/168_01.txt
/data/student/Fengjunming/SDXL_ControlNet/data/CF_OCT_augmented/046/046_02.png,/data/student/Fengjunming/SDXL_ControlNet/data/CF_OCT_augmented/046/046_01.png,/data/student/Fengjunming/SDXL_ControlNet/data/CF_OCT_augmented/046/046_02.txt,/data/student/Fengjunming/SDXL_ControlNet/data/CF_OCT_augmented/046/046_01.txt
/data/student/Fengjunming/SDXL_ControlNet/data/CF_OCT_augmented/131/131_02.png,/data/student/Fengjunming/SDXL_ControlNet/data/CF_OCT_augmented/131/131_01.png,/data/student/Fengjunming/SDXL_ControlNet/data/CF_OCT_augmented/131/131_02.txt,/data/student/Fengjunming/SDXL_ControlNet/data/CF_OCT_augmented/131/131_01.txt
/data/student/Fengjunming/SDXL_ControlNet/data/CF_OCT_augmented/031/031_02.png,/data/student/Fengjunming/SDXL_ControlNet/data/CF_OCT_augmented/031/031_01.png,/data/student/Fengjunming/SDXL_ControlNet/data/CF_OCT_augmented/031/031_02.txt,/data/student/Fengjunming/SDXL_ControlNet/data/CF_OCT_augmented/031/031_01.txt
/data/student/Fengjunming/SDXL_ControlNet/data/CF_OCT_augmented/004/004_02.png,/data/student/Fengjunming/SDXL_ControlNet/data/CF_OCT_augmented/004/004_01.png,/data/student/Fengjunming/SDXL_ControlNet/data/CF_OCT_augmented/004/004_02.txt,/data/student/Fengjunming/SDXL_ControlNet/data/CF_OCT_augmented/004/004_01.txt
/data/student/Fengjunming/SDXL_ControlNet/data/CF_OCT_augmented/160/160_02.png,/data/student/Fengjunming/SDXL_ControlNet/data/CF_OCT_augmented/160/160_01.png,/data/student/Fengjunming/SDXL_ControlNet/data/CF_OCT_augmented/160/160_02.txt,/data/student/Fengjunming/SDXL_ControlNet/data/CF_OCT_augmented/160/160_01.txt
/data/student/Fengjunming/SDXL_ControlNet/data/CF_OCT_augmented/016/016_02.png,/data/student/Fengjunming/SDXL_ControlNet/data/CF_OCT_augmented/016/016_01.png,/data/student/Fengjunming/SDXL_ControlNet/data/CF_OCT_augmented/016/016_02.txt,/data/student/Fengjunming/SDXL_ControlNet/data/CF_OCT_augmented/016/016_01.txt
/data/student/Fengjunming/SDXL_ControlNet/data/CF_OCT_augmented/043/043_02.png,/data/student/Fengjunming/SDXL_ControlNet/data/CF_OCT_augmented/043/043_01.png,/data/student/Fengjunming/SDXL_ControlNet/data/CF_OCT_augmented/043/043_02.txt,/data/student/Fengjunming/SDXL_ControlNet/data/CF_OCT_augmented/043/043_01.txt
/data/student/Fengjunming/SDXL_ControlNet/data/CF_OCT_augmented/127/127_02.png,/data/student/Fengjunming/SDXL_ControlNet/data/CF_OCT_augmented/127/127_01.png,/data/student/Fengjunming/SDXL_ControlNet/data/CF_OCT_augmented/127/127_02.txt,/data/student/Fengjunming/SDXL_ControlNet/data/CF_OCT_augmented/127/127_01.txt
/data/student/Fengjunming/SDXL_ControlNet/data/CF_OCT_augmented/187/187_02.png,/data/student/Fengjunming/SDXL_ControlNet/data/CF_OCT_augmented/187/187_01.png,/data/student/Fengjunming/SDXL_ControlNet/data/CF_OCT_augmented/187/187_02.txt,/data/student/Fengjunming/SDXL_ControlNet/data/CF_OCT_augmented/187/187_01.txt
/data/student/Fengjunming/SDXL_ControlNet/data/CF_OCT_augmented/163/163_02.png,/data/student/Fengjunming/SDXL_ControlNet/data/CF_OCT_augmented/163/163_01.png,/data/student/Fengjunming/SDXL_ControlNet/data/CF_OCT_augmented/163/163_02.txt,/data/student/Fengjunming/SDXL_ControlNet/data/CF_OCT_augmented/163/163_01.txt
/data/student/Fengjunming/SDXL_ControlNet/data/CF_OCT_augmented/048/048_02.png,/data/student/Fengjunming/SDXL_ControlNet/data/CF_OCT_augmented/048/048_01.png,/data/student/Fengjunming/SDXL_ControlNet/data/CF_OCT_augmented/048/048_02.txt,/data/student/Fengjunming/SDXL_ControlNet/data/CF_OCT_augmented/048/048_01.txt
/data/student/Fengjunming/SDXL_ControlNet/data/CF_OCT_augmented/111/111_02.png,/data/student/Fengjunming/SDXL_ControlNet/data/CF_OCT_augmented/111/111_01.png,/data/student/Fengjunming/SDXL_ControlNet/data/CF_OCT_augmented/111/111_02.txt,/data/student/Fengjunming/SDXL_ControlNet/data/CF_OCT_augmented/111/111_01.txt
/data/student/Fengjunming/SDXL_ControlNet/data/CF_OCT_augmented/006/006_02.png,/data/student/Fengjunming/SDXL_ControlNet/data/CF_OCT_augmented/006/006_01.png,/data/student/Fengjunming/SDXL_ControlNet/data/CF_OCT_augmented/006/006_02.txt,/data/student/Fengjunming/SDXL_ControlNet/data/CF_OCT_augmented/006/006_01.txt
/data/student/Fengjunming/SDXL_ControlNet/data/CF_OCT_augmented/195/195_02.png,/data/student/Fengjunming/SDXL_ControlNet/data/CF_OCT_augmented/195/195_01.png,/data/student/Fengjunming/SDXL_ControlNet/data/CF_OCT_augmented/195/195_02.txt,/data/student/Fengjunming/SDXL_ControlNet/data/CF_OCT_augmented/195/195_01.txt
/data/student/Fengjunming/SDXL_ControlNet/data/CF_OCT_augmented/038/038_02.png,/data/student/Fengjunming/SDXL_ControlNet/data/CF_OCT_augmented/038/038_01.png,/data/student/Fengjunming/SDXL_ControlNet/data/CF_OCT_augmented/038/038_02.txt,/data/student/Fengjunming/SDXL_ControlNet/data/CF_OCT_augmented/038/038_01.txt
/data/student/Fengjunming/SDXL_ControlNet/data/CF_OCT_augmented/123/123_02.png,/data/student/Fengjunming/SDXL_ControlNet/data/CF_OCT_augmented/123/123_01.png,/data/student/Fengjunming/SDXL_ControlNet/data/CF_OCT_augmented/123/123_02.txt,/data/student/Fengjunming/SDXL_ControlNet/data/CF_OCT_augmented/123/123_01.txt
/data/student/Fengjunming/SDXL_ControlNet/data/CF_OCT_augmented/013/013_02.png,/data/student/Fengjunming/SDXL_ControlNet/data/CF_OCT_augmented/013/013_01.png,/data/student/Fengjunming/SDXL_ControlNet/data/CF_OCT_augmented/013/013_02.txt,/data/student/Fengjunming/SDXL_ControlNet/data/CF_OCT_augmented/013/013_01.txt
/data/student/Fengjunming/SDXL_ControlNet/data/CF_OCT_augmented/037/037_02.png,/data/student/Fengjunming/SDXL_ControlNet/data/CF_OCT_augmented/037/037_01.png,/data/student/Fengjunming/SDXL_ControlNet/data/CF_OCT_augmented/037/037_02.txt,/data/student/Fengjunming/SDXL_ControlNet/data/CF_OCT_augmented/037/037_01.txt
/data/student/Fengjunming/SDXL_ControlNet/data/CF_OCT_augmented/154/154_02.png,/data/student/Fengjunming/SDXL_ControlNet/data/CF_OCT_augmented/154/154_01.png,/data/student/Fengjunming/SDXL_ControlNet/data/CF_OCT_augmented/154/154_02.txt,/data/student/Fengjunming/SDXL_ControlNet/data/CF_OCT_augmented/154/154_01.txt
/data/student/Fengjunming/SDXL_ControlNet/data/CF_OCT_augmented/070/070_02.png,/data/student/Fengjunming/SDXL_ControlNet/data/CF_OCT_augmented/070/070_01.png,/data/student/Fengjunming/SDXL_ControlNet/data/CF_OCT_augmented/070/070_02.txt,/data/student/Fengjunming/SDXL_ControlNet/data/CF_OCT_augmented/070/070_01.txt
/data/student/Fengjunming/SDXL_ControlNet/data/CF_OCT_augmented/062/062_02.png,/data/student/Fengjunming/SDXL_ControlNet/data/CF_OCT_augmented/062/062_01.png,/data/student/Fengjunming/SDXL_ControlNet/data/CF_OCT_augmented/062/062_02.txt,/data/student/Fengjunming/SDXL_ControlNet/data/CF_OCT_augmented/062/062_01.txt
/data/student/Fengjunming/SDXL_ControlNet/data/CF_OCT_augmented/196/196_02.png,/data/student/Fengjunming/SDXL_ControlNet/data/CF_OCT_augmented/196/196_01.png,/data/student/Fengjunming/SDXL_ControlNet/data/CF_OCT_augmented/196/196_02.txt,/data/student/Fengjunming/SDXL_ControlNet/data/CF_OCT_augmented/196/196_01.txt
/data/student/Fengjunming/SDXL_ControlNet/data/CF_OCT_augmented/033/033_02.png,/data/student/Fengjunming/SDXL_ControlNet/data/CF_OCT_augmented/033/033_01.png,/data/student/Fengjunming/SDXL_ControlNet/data/CF_OCT_augmented/033/033_02.txt,/data/student/Fengjunming/SDXL_ControlNet/data/CF_OCT_augmented/033/033_01.txt
/data/student/Fengjunming/SDXL_ControlNet/data/CF_OCT_augmented/173/173_02.png,/data/student/Fengjunming/SDXL_ControlNet/data/CF_OCT_augmented/173/173_01.png,/data/student/Fengjunming/SDXL_ControlNet/data/CF_OCT_augmented/173/173_02.txt,/data/student/Fengjunming/SDXL_ControlNet/data/CF_OCT_augmented/173/173_01.txt
/data/student/Fengjunming/SDXL_ControlNet/data/CF_OCT_augmented/172/172_02.png,/data/student/Fengjunming/SDXL_ControlNet/data/CF_OCT_augmented/172/172_01.png,/data/student/Fengjunming/SDXL_ControlNet/data/CF_OCT_augmented/172/172_02.txt,/data/student/Fengjunming/SDXL_ControlNet/data/CF_OCT_augmented/172/172_01.txt
/data/student/Fengjunming/SDXL_ControlNet/data/CF_OCT_augmented/061/061_02.png,/data/student/Fengjunming/SDXL_ControlNet/data/CF_OCT_augmented/061/061_01.png,/data/student/Fengjunming/SDXL_ControlNet/data/CF_OCT_augmented/061/061_02.txt,/data/student/Fengjunming/SDXL_ControlNet/data/CF_OCT_augmented/061/061_01.txt
/data/student/Fengjunming/SDXL_ControlNet/data/CF_OCT_augmented/011/011_02.png,/data/student/Fengjunming/SDXL_ControlNet/data/CF_OCT_augmented/011/011_01.png,/data/student/Fengjunming/SDXL_ControlNet/data/CF_OCT_augmented/011/011_02.txt,/data/student/Fengjunming/SDXL_ControlNet/data/CF_OCT_augmented/011/011_01.txt
/data/student/Fengjunming/SDXL_ControlNet/data/CF_OCT_augmented/145/145_02.png,/data/student/Fengjunming/SDXL_ControlNet/data/CF_OCT_augmented/145/145_01.png,/data/student/Fengjunming/SDXL_ControlNet/data/CF_OCT_augmented/145/145_02.txt,/data/student/Fengjunming/SDXL_ControlNet/data/CF_OCT_augmented/145/145_01.txt
/data/student/Fengjunming/SDXL_ControlNet/data/CF_OCT_augmented/161/161_02.png,/data/student/Fengjunming/SDXL_ControlNet/data/CF_OCT_augmented/161/161_01.png,/data/student/Fengjunming/SDXL_ControlNet/data/CF_OCT_augmented/161/161_02.txt,/data/student/Fengjunming/SDXL_ControlNet/data/CF_OCT_augmented/161/161_01.txt
/data/student/Fengjunming/SDXL_ControlNet/data/CF_OCT_augmented/053/053_02.png,/data/student/Fengjunming/SDXL_ControlNet/data/CF_OCT_augmented/053/053_01.png,/data/student/Fengjunming/SDXL_ControlNet/data/CF_OCT_augmented/053/053_02.txt,/data/student/Fengjunming/SDXL_ControlNet/data/CF_OCT_augmented/053/053_01.txt
/data/student/Fengjunming/SDXL_ControlNet/data/CF_OCT_augmented/126/126_02.png,/data/student/Fengjunming/SDXL_ControlNet/data/CF_OCT_augmented/126/126_01.png,/data/student/Fengjunming/SDXL_ControlNet/data/CF_OCT_augmented/126/126_02.txt,/data/student/Fengjunming/SDXL_ControlNet/data/CF_OCT_augmented/126/126_01.txt
/data/student/Fengjunming/SDXL_ControlNet/data/CF_OCT_augmented/107/107_02.png,/data/student/Fengjunming/SDXL_ControlNet/data/CF_OCT_augmented/107/107_01.png,/data/student/Fengjunming/SDXL_ControlNet/data/CF_OCT_augmented/107/107_02.txt,/data/student/Fengjunming/SDXL_ControlNet/data/CF_OCT_augmented/107/107_01.txt
/data/student/Fengjunming/SDXL_ControlNet/data/CF_OCT_augmented/074/074_02.png,/data/student/Fengjunming/SDXL_ControlNet/data/CF_OCT_augmented/074/074_01.png,/data/student/Fengjunming/SDXL_ControlNet/data/CF_OCT_augmented/074/074_02.txt,/data/student/Fengjunming/SDXL_ControlNet/data/CF_OCT_augmented/074/074_01.txt
/data/student/Fengjunming/SDXL_ControlNet/data/CF_OCT_augmented/114/114_02.png,/data/student/Fengjunming/SDXL_ControlNet/data/CF_OCT_augmented/114/114_01.png,/data/student/Fengjunming/SDXL_ControlNet/data/CF_OCT_augmented/114/114_02.txt,/data/student/Fengjunming/SDXL_ControlNet/data/CF_OCT_augmented/114/114_01.txt
/data/student/Fengjunming/SDXL_ControlNet/data/CF_OCT_augmented/106/106_02.png,/data/student/Fengjunming/SDXL_ControlNet/data/CF_OCT_augmented/106/106_01.png,/data/student/Fengjunming/SDXL_ControlNet/data/CF_OCT_augmented/106/106_02.txt,/data/student/Fengjunming/SDXL_ControlNet/data/CF_OCT_augmented/106/106_01.txt
/data/student/Fengjunming/SDXL_ControlNet/data/CF_OCT_augmented/096/096_02.png,/data/student/Fengjunming/SDXL_ControlNet/data/CF_OCT_augmented/096/096_01.png,/data/student/Fengjunming/SDXL_ControlNet/data/CF_OCT_augmented/096/096_02.txt,/data/student/Fengjunming/SDXL_ControlNet/data/CF_OCT_augmented/096/096_01.txt
/data/student/Fengjunming/SDXL_ControlNet/data/CF_OCT_augmented/104/104_02.png,/data/student/Fengjunming/SDXL_ControlNet/data/CF_OCT_augmented/104/104_01.png,/data/student/Fengjunming/SDXL_ControlNet/data/CF_OCT_augmented/104/104_02.txt,/data/student/Fengjunming/SDXL_ControlNet/data/CF_OCT_augmented/104/104_01.txt
/data/student/Fengjunming/SDXL_ControlNet/data/CF_OCT_augmented/146/146_02.png,/data/student/Fengjunming/SDXL_ControlNet/data/CF_OCT_augmented/146/146_01.png,/data/student/Fengjunming/SDXL_ControlNet/data/CF_OCT_augmented/146/146_02.txt,/data/student/Fengjunming/SDXL_ControlNet/data/CF_OCT_augmented/146/146_01.txt
/data/student/Fengjunming/SDXL_ControlNet/data/CF_OCT_augmented/044/044_02.png,/data/student/Fengjunming/SDXL_ControlNet/data/CF_OCT_augmented/044/044_01.png,/data/student/Fengjunming/SDXL_ControlNet/data/CF_OCT_augmented/044/044_02.txt,/data/student/Fengjunming/SDXL_ControlNet/data/CF_OCT_augmented/044/044_01.txt
/data/student/Fengjunming/SDXL_ControlNet/data/CF_OCT_augmented/001/001_02.png,/data/student/Fengjunming/SDXL_ControlNet/data/CF_OCT_augmented/001/001_01.png,/data/student/Fengjunming/SDXL_ControlNet/data/CF_OCT_augmented/001/001_02.txt,/data/student/Fengjunming/SDXL_ControlNet/data/CF_OCT_augmented/001/001_01.txt
/data/student/Fengjunming/SDXL_ControlNet/data/CF_OCT_augmented/162/162_02.png,/data/student/Fengjunming/SDXL_ControlNet/data/CF_OCT_augmented/162/162_01.png,/data/student/Fengjunming/SDXL_ControlNet/data/CF_OCT_augmented/162/162_02.txt,/data/student/Fengjunming/SDXL_ControlNet/data/CF_OCT_augmented/162/162_01.txt
/data/student/Fengjunming/SDXL_ControlNet/data/CF_OCT_augmented/193/193_02.png,/data/student/Fengjunming/SDXL_ControlNet/data/CF_OCT_augmented/193/193_01.png,/data/student/Fengjunming/SDXL_ControlNet/data/CF_OCT_augmented/193/193_02.txt,/data/student/Fengjunming/SDXL_ControlNet/data/CF_OCT_augmented/193/193_01.txt
/data/student/Fengjunming/SDXL_ControlNet/data/CF_OCT_augmented/017/017_02.png,/data/student/Fengjunming/SDXL_ControlNet/data/CF_OCT_augmented/017/017_01.png,/data/student/Fengjunming/SDXL_ControlNet/data/CF_OCT_augmented/017/017_02.txt,/data/student/Fengjunming/SDXL_ControlNet/data/CF_OCT_augmented/017/017_01.txt
/data/student/Fengjunming/SDXL_ControlNet/data/CF_OCT_augmented/081/081_02.png,/data/student/Fengjunming/SDXL_ControlNet/data/CF_OCT_augmented/081/081_01.png,/data/student/Fengjunming/SDXL_ControlNet/data/CF_OCT_augmented/081/081_02.txt,/data/student/Fengjunming/SDXL_ControlNet/data/CF_OCT_augmented/081/081_01.txt
/data/student/Fengjunming/SDXL_ControlNet/data/CF_OCT_augmented/103/103_02.png,/data/student/Fengjunming/SDXL_ControlNet/data/CF_OCT_augmented/103/103_01.png,/data/student/Fengjunming/SDXL_ControlNet/data/CF_OCT_augmented/103/103_02.txt,/data/student/Fengjunming/SDXL_ControlNet/data/CF_OCT_augmented/103/103_01.txt
/data/student/Fengjunming/SDXL_ControlNet/data/CF_OCT_augmented/039/039_02.png,/data/student/Fengjunming/SDXL_ControlNet/data/CF_OCT_augmented/039/039_01.png,/data/student/Fengjunming/SDXL_ControlNet/data/CF_OCT_augmented/039/039_02.txt,/data/student/Fengjunming/SDXL_ControlNet/data/CF_OCT_augmented/039/039_01.txt
/data/student/Fengjunming/SDXL_ControlNet/data/CF_OCT_augmented/157/157_02.png,/data/student/Fengjunming/SDXL_ControlNet/data/CF_OCT_augmented/157/157_01.png,/data/student/Fengjunming/SDXL_ControlNet/data/CF_OCT_augmented/157/157_02.txt,/data/student/Fengjunming/SDXL_ControlNet/data/CF_OCT_augmented/157/157_01.txt
/data/student/Fengjunming/SDXL_ControlNet/data/CF_OCT_augmented/177/177_02.png,/data/student/Fengjunming/SDXL_ControlNet/data/CF_OCT_augmented/177/177_01.png,/data/student/Fengjunming/SDXL_ControlNet/data/CF_OCT_augmented/177/177_02.txt,/data/student/Fengjunming/SDXL_ControlNet/data/CF_OCT_augmented/177/177_01.txt
/data/student/Fengjunming/SDXL_ControlNet/data/CF_OCT_augmented/136/136_02.png,/data/student/Fengjunming/SDXL_ControlNet/data/CF_OCT_augmented/136/136_01.png,/data/student/Fengjunming/SDXL_ControlNet/data/CF_OCT_augmented/136/136_02.txt,/data/student/Fengjunming/SDXL_ControlNet/data/CF_OCT_augmented/136/136_01.txt
/data/student/Fengjunming/SDXL_ControlNet/data/CF_OCT_augmented/079/079_02.png,/data/student/Fengjunming/SDXL_ControlNet/data/CF_OCT_augmented/079/079_01.png,/data/student/Fengjunming/SDXL_ControlNet/data/CF_OCT_augmented/079/079_02.txt,/data/student/Fengjunming/SDXL_ControlNet/data/CF_OCT_augmented/079/079_01.txt
/data/student/Fengjunming/SDXL_ControlNet/data/CF_OCT_augmented/116/116_02.png,/data/student/Fengjunming/SDXL_ControlNet/data/CF_OCT_augmented/116/116_01.png,/data/student/Fengjunming/SDXL_ControlNet/data/CF_OCT_augmented/116/116_02.txt,/data/student/Fengjunming/SDXL_ControlNet/data/CF_OCT_augmented/116/116_01.txt
/data/student/Fengjunming/SDXL_ControlNet/data/CF_OCT_augmented/020/020_02.png,/data/student/Fengjunming/SDXL_ControlNet/data/CF_OCT_augmented/020/020_01.png,/data/student/Fengjunming/SDXL_ControlNet/data/CF_OCT_augmented/020/020_02.txt,/data/student/Fengjunming/SDXL_ControlNet/data/CF_OCT_augmented/020/020_01.txt
/data/student/Fengjunming/SDXL_ControlNet/data/CF_OCT_augmented/015/015_02.png,/data/student/Fengjunming/SDXL_ControlNet/data/CF_OCT_augmented/015/015_01.png,/data/student/Fengjunming/SDXL_ControlNet/data/CF_OCT_augmented/015/015_02.txt,/data/student/Fengjunming/SDXL_ControlNet/data/CF_OCT_augmented/015/015_01.txt
/data/student/Fengjunming/SDXL_ControlNet/data/CF_OCT_augmented/178/178_02.png,/data/student/Fengjunming/SDXL_ControlNet/data/CF_OCT_augmented/178/178_01.png,/data/student/Fengjunming/SDXL_ControlNet/data/CF_OCT_augmented/178/178_02.txt,/data/student/Fengjunming/SDXL_ControlNet/data/CF_OCT_augmented/178/178_01.txt
/data/student/Fengjunming/SDXL_ControlNet/data/CF_OCT_augmented/147/147_02.png,/data/student/Fengjunming/SDXL_ControlNet/data/CF_OCT_augmented/147/147_01.png,/data/student/Fengjunming/SDXL_ControlNet/data/CF_OCT_augmented/147/147_02.txt,/data/student/Fengjunming/SDXL_ControlNet/data/CF_OCT_augmented/147/147_01.txt
/data/student/Fengjunming/SDXL_ControlNet/data/CF_OCT_augmented/180/180_02.png,/data/student/Fengjunming/SDXL_ControlNet/data/CF_OCT_augmented/180/180_01.png,/data/student/Fengjunming/SDXL_ControlNet/data/CF_OCT_augmented/180/180_02.txt,/data/student/Fengjunming/SDXL_ControlNet/data/CF_OCT_augmented/180/180_01.txt
/data/student/Fengjunming/SDXL_ControlNet/data/CF_OCT_augmented/066/066_02.png,/data/student/Fengjunming/SDXL_ControlNet/data/CF_OCT_augmented/066/066_01.png,/data/student/Fengjunming/SDXL_ControlNet/data/CF_OCT_augmented/066/066_02.txt,/data/student/Fengjunming/SDXL_ControlNet/data/CF_OCT_augmented/066/066_01.txt
/data/student/Fengjunming/SDXL_ControlNet/data/CF_OCT_augmented/085/085_02.png,/data/student/Fengjunming/SDXL_ControlNet/data/CF_OCT_augmented/085/085_01.png,/data/student/Fengjunming/SDXL_ControlNet/data/CF_OCT_augmented/085/085_02.txt,/data/student/Fengjunming/SDXL_ControlNet/data/CF_OCT_augmented/085/085_01.txt
/data/student/Fengjunming/SDXL_ControlNet/data/CF_OCT_augmented/166/166_02.png,/data/student/Fengjunming/SDXL_ControlNet/data/CF_OCT_augmented/166/166_01.png,/data/student/Fengjunming/SDXL_ControlNet/data/CF_OCT_augmented/166/166_02.txt,/data/student/Fengjunming/SDXL_ControlNet/data/CF_OCT_augmented/166/166_01.txt
/data/student/Fengjunming/SDXL_ControlNet/data/CF_OCT_augmented/047/047_02.png,/data/student/Fengjunming/SDXL_ControlNet/data/CF_OCT_augmented/047/047_01.png,/data/student/Fengjunming/SDXL_ControlNet/data/CF_OCT_augmented/047/047_02.txt,/data/student/Fengjunming/SDXL_ControlNet/data/CF_OCT_augmented/047/047_01.txt
/data/student/Fengjunming/SDXL_ControlNet/data/CF_OCT_augmented/105/105_02.png,/data/student/Fengjunming/SDXL_ControlNet/data/CF_OCT_augmented/105/105_01.png,/data/student/Fengjunming/SDXL_ControlNet/data/CF_OCT_augmented/105/105_02.txt,/data/student/Fengjunming/SDXL_ControlNet/data/CF_OCT_augmented/105/105_01.txt
/data/student/Fengjunming/SDXL_ControlNet/data/CF_OCT_augmented/080/080_02.png,/data/student/Fengjunming/SDXL_ControlNet/data/CF_OCT_augmented/080/080_01.png,/data/student/Fengjunming/SDXL_ControlNet/data/CF_OCT_augmented/080/080_02.txt,/data/student/Fengjunming/SDXL_ControlNet/data/CF_OCT_augmented/080/080_01.txt
/data/student/Fengjunming/SDXL_ControlNet/data/CF_OCT_augmented/055/055_02.png,/data/student/Fengjunming/SDXL_ControlNet/data/CF_OCT_augmented/055/055_01.png,/data/student/Fengjunming/SDXL_ControlNet/data/CF_OCT_augmented/055/055_02.txt,/data/student/Fengjunming/SDXL_ControlNet/data/CF_OCT_augmented/055/055_01.txt
/data/student/Fengjunming/SDXL_ControlNet/data/CF_OCT_augmented/197/197_02.png,/data/student/Fengjunming/SDXL_ControlNet/data/CF_OCT_augmented/197/197_01.png,/data/student/Fengjunming/SDXL_ControlNet/data/CF_OCT_augmented/197/197_02.txt,/data/student/Fengjunming/SDXL_ControlNet/data/CF_OCT_augmented/197/197_01.txt
/data/student/Fengjunming/SDXL_ControlNet/data/CF_OCT_augmented/086/086_02.png,/data/student/Fengjunming/SDXL_ControlNet/data/CF_OCT_augmented/086/086_01.png,/data/student/Fengjunming/SDXL_ControlNet/data/CF_OCT_augmented/086/086_02.txt,/data/student/Fengjunming/SDXL_ControlNet/data/CF_OCT_augmented/086/086_01.txt
/data/student/Fengjunming/SDXL_ControlNet/data/CF_OCT_augmented/119/119_02.png,/data/student/Fengjunming/SDXL_ControlNet/data/CF_OCT_augmented/119/119_01.png,/data/student/Fengjunming/SDXL_ControlNet/data/CF_OCT_augmented/119/119_02.txt,/data/student/Fengjunming/SDXL_ControlNet/data/CF_OCT_augmented/119/119_01.txt
/data/student/Fengjunming/SDXL_ControlNet/data/CF_OCT_augmented/110/110_02.png,/data/student/Fengjunming/SDXL_ControlNet/data/CF_OCT_augmented/110/110_01.png,/data/student/Fengjunming/SDXL_ControlNet/data/CF_OCT_augmented/110/110_02.txt,/data/student/Fengjunming/SDXL_ControlNet/data/CF_OCT_augmented/110/110_01.txt
/data/student/Fengjunming/SDXL_ControlNet/data/CF_OCT_augmented/134/134_02.png,/data/student/Fengjunming/SDXL_ControlNet/data/CF_OCT_augmented/134/134_01.png,/data/student/Fengjunming/SDXL_ControlNet/data/CF_OCT_augmented/134/134_02.txt,/data/student/Fengjunming/SDXL_ControlNet/data/CF_OCT_augmented/134/134_01.txt
/data/student/Fengjunming/SDXL_ControlNet/data/CF_OCT_augmented/143/143_02.png,/data/student/Fengjunming/SDXL_ControlNet/data/CF_OCT_augmented/143/143_01.png,/data/student/Fengjunming/SDXL_ControlNet/data/CF_OCT_augmented/143/143_02.txt,/data/student/Fengjunming/SDXL_ControlNet/data/CF_OCT_augmented/143/143_01.txt
/data/student/Fengjunming/SDXL_ControlNet/data/CF_OCT_augmented/034/034_02.png,/data/student/Fengjunming/SDXL_ControlNet/data/CF_OCT_augmented/034/034_01.png,/data/student/Fengjunming/SDXL_ControlNet/data/CF_OCT_augmented/034/034_02.txt,/data/student/Fengjunming/SDXL_ControlNet/data/CF_OCT_augmented/034/034_01.txt
/data/student/Fengjunming/SDXL_ControlNet/data/CF_OCT_augmented/019/019_02.png,/data/student/Fengjunming/SDXL_ControlNet/data/CF_OCT_augmented/019/019_01.png,/data/student/Fengjunming/SDXL_ControlNet/data/CF_OCT_augmented/019/019_02.txt,/data/student/Fengjunming/SDXL_ControlNet/data/CF_OCT_augmented/019/019_01.txt
/data/student/Fengjunming/SDXL_ControlNet/data/CF_OCT_augmented/141/141_02.png,/data/student/Fengjunming/SDXL_ControlNet/data/CF_OCT_augmented/141/141_01.png,/data/student/Fengjunming/SDXL_ControlNet/data/CF_OCT_augmented/141/141_02.txt,/data/student/Fengjunming/SDXL_ControlNet/data/CF_OCT_augmented/141/141_01.txt
/data/student/Fengjunming/SDXL_ControlNet/data/CF_OCT_augmented/124/124_02.png,/data/student/Fengjunming/SDXL_ControlNet/data/CF_OCT_augmented/124/124_01.png,/data/student/Fengjunming/SDXL_ControlNet/data/CF_OCT_augmented/124/124_02.txt,/data/student/Fengjunming/SDXL_ControlNet/data/CF_OCT_augmented/124/124_01.txt
/data/student/Fengjunming/SDXL_ControlNet/data/CF_OCT_augmented/176/176_02.png,/data/student/Fengjunming/SDXL_ControlNet/data/CF_OCT_augmented/176/176_01.png,/data/student/Fengjunming/SDXL_ControlNet/data/CF_OCT_augmented/176/176_02.txt,/data/student/Fengjunming/SDXL_ControlNet/data/CF_OCT_augmented/176/176_01.txt
/data/student/Fengjunming/SDXL_ControlNet/data/CF_OCT_augmented/064/064_02.png,/data/student/Fengjunming/SDXL_ControlNet/data/CF_OCT_augmented/064/064_01.png,/data/student/Fengjunming/SDXL_ControlNet/data/CF_OCT_augmented/064/064_02.txt,/data/student/Fengjunming/SDXL_ControlNet/data/CF_OCT_augmented/064/064_01.txt
/data/student/Fengjunming/SDXL_ControlNet/data/CF_OCT_augmented/084/084_02.png,/data/student/Fengjunming/SDXL_ControlNet/data/CF_OCT_augmented/084/084_01.png,/data/student/Fengjunming/SDXL_ControlNet/data/CF_OCT_augmented/084/084_02.txt,/data/student/Fengjunming/SDXL_ControlNet/data/CF_OCT_augmented/084/084_01.txt
/data/student/Fengjunming/SDXL_ControlNet/data/CF_OCT_augmented/149/149_02.png,/data/student/Fengjunming/SDXL_ControlNet/data/CF_OCT_augmented/149/149_01.png,/data/student/Fengjunming/SDXL_ControlNet/data/CF_OCT_augmented/149/149_02.txt,/data/student/Fengjunming/SDXL_ControlNet/data/CF_OCT_augmented/149/149_01.txt
/data/student/Fengjunming/SDXL_ControlNet/data/CF_OCT_augmented/101/101_02.png,/data/student/Fengjunming/SDXL_ControlNet/data/CF_OCT_augmented/101/101_01.png,/data/student/Fengjunming/SDXL_ControlNet/data/CF_OCT_augmented/101/101_02.txt,/data/student/Fengjunming/SDXL_ControlNet/data/CF_OCT_augmented/101/101_01.txt
/data/student/Fengjunming/SDXL_ControlNet/data/CF_OCT_augmented/156/156_02.png,/data/student/Fengjunming/SDXL_ControlNet/data/CF_OCT_augmented/156/156_01.png,/data/student/Fengjunming/SDXL_ControlNet/data/CF_OCT_augmented/156/156_02.txt,/data/student/Fengjunming/SDXL_ControlNet/data/CF_OCT_augmented/156/156_01.txt
/data/student/Fengjunming/SDXL_ControlNet/data/CF_OCT_augmented/073/073_02.png,/data/student/Fengjunming/SDXL_ControlNet/data/CF_OCT_augmented/073/073_01.png,/data/student/Fengjunming/SDXL_ControlNet/data/CF_OCT_augmented/073/073_02.txt,/data/student/Fengjunming/SDXL_ControlNet/data/CF_OCT_augmented/073/073_01.txt
/data/student/Fengjunming/SDXL_ControlNet/data/CF_OCT_augmented/028/028_02.png,/data/student/Fengjunming/SDXL_ControlNet/data/CF_OCT_augmented/028/028_01.png,/data/student/Fengjunming/SDXL_ControlNet/data/CF_OCT_augmented/028/028_02.txt,/data/student/Fengjunming/SDXL_ControlNet/data/CF_OCT_augmented/028/028_01.txt
/data/student/Fengjunming/SDXL_ControlNet/data/CF_OCT_augmented/185/185_02.png,/data/student/Fengjunming/SDXL_ControlNet/data/CF_OCT_augmented/185/185_01.png,/data/student/Fengjunming/SDXL_ControlNet/data/CF_OCT_augmented/185/185_02.txt,/data/student/Fengjunming/SDXL_ControlNet/data/CF_OCT_augmented/185/185_01.txt
/data/student/Fengjunming/SDXL_ControlNet/data/CF_OCT_augmented/113/113_02.png,/data/student/Fengjunming/SDXL_ControlNet/data/CF_OCT_augmented/113/113_01.png,/data/student/Fengjunming/SDXL_ControlNet/data/CF_OCT_augmented/113/113_02.txt,/data/student/Fengjunming/SDXL_ControlNet/data/CF_OCT_augmented/113/113_01.txt
/data/student/Fengjunming/SDXL_ControlNet/data/CF_OCT_augmented/052/052_02.png,/data/student/Fengjunming/SDXL_ControlNet/data/CF_OCT_augmented/052/052_01.png,/data/student/Fengjunming/SDXL_ControlNet/data/CF_OCT_augmented/052/052_02.txt,/data/student/Fengjunming/SDXL_ControlNet/data/CF_OCT_augmented/052/052_01.txt
/data/student/Fengjunming/SDXL_ControlNet/data/CF_OCT_augmented/175/175_02.png,/data/student/Fengjunming/SDXL_ControlNet/data/CF_OCT_augmented/175/175_01.png,/data/student/Fengjunming/SDXL_ControlNet/data/CF_OCT_augmented/175/175_02.txt,/data/student/Fengjunming/SDXL_ControlNet/data/CF_OCT_augmented/175/175_01.txt
/data/student/Fengjunming/SDXL_ControlNet/data/CF_OCT_augmented/005/005_02.png,/data/student/Fengjunming/SDXL_ControlNet/data/CF_OCT_augmented/005/005_01.png,/data/student/Fengjunming/SDXL_ControlNet/data/CF_OCT_augmented/005/005_02.txt,/data/student/Fengjunming/SDXL_ControlNet/data/CF_OCT_augmented/005/005_01.txt
/data/student/Fengjunming/SDXL_ControlNet/data/CF_OCT_augmented/030/030_02.png,/data/student/Fengjunming/SDXL_ControlNet/data/CF_OCT_augmented/030/030_01.png,/data/student/Fengjunming/SDXL_ControlNet/data/CF_OCT_augmented/030/030_02.txt,/data/student/Fengjunming/SDXL_ControlNet/data/CF_OCT_augmented/030/030_01.txt
/data/student/Fengjunming/SDXL_ControlNet/data/CF_OCT_augmented/184/184_02.png,/data/student/Fengjunming/SDXL_ControlNet/data/CF_OCT_augmented/184/184_01.png,/data/student/Fengjunming/SDXL_ControlNet/data/CF_OCT_augmented/184/184_02.txt,/data/student/Fengjunming/SDXL_ControlNet/data/CF_OCT_augmented/184/184_01.txt
/data/student/Fengjunming/SDXL_ControlNet/data/CF_OCT_augmented/100/100_02.png,/data/student/Fengjunming/SDXL_ControlNet/data/CF_OCT_augmented/100/100_01.png,/data/student/Fengjunming/SDXL_ControlNet/data/CF_OCT_augmented/100/100_02.txt,/data/student/Fengjunming/SDXL_ControlNet/data/CF_OCT_augmented/100/100_01.txt
/data/student/Fengjunming/SDXL_ControlNet/data/CF_OCT_augmented/099/099_02.png,/data/student/Fengjunming/SDXL_ControlNet/data/CF_OCT_augmented/099/099_01.png,/data/student/Fengjunming/SDXL_ControlNet/data/CF_OCT_augmented/099/099_02.txt,/data/student/Fengjunming/SDXL_ControlNet/data/CF_OCT_augmented/099/099_01.txt
/data/student/Fengjunming/SDXL_ControlNet/data/CF_OCT_augmented/132/132_02.png,/data/student/Fengjunming/SDXL_ControlNet/data/CF_OCT_augmented/132/132_01.png,/data/student/Fengjunming/SDXL_ControlNet/data/CF_OCT_augmented/132/132_02.txt,/data/student/Fengjunming/SDXL_ControlNet/data/CF_OCT_augmented/132/132_01.txt
/data/student/Fengjunming/SDXL_ControlNet/data/CF_OCT_augmented/125/125_02.png,/data/student/Fengjunming/SDXL_ControlNet/data/CF_OCT_augmented/125/125_01.png,/data/student/Fengjunming/SDXL_ControlNet/data/CF_OCT_augmented/125/125_02.txt,/data/student/Fengjunming/SDXL_ControlNet/data/CF_OCT_augmented/125/125_01.txt
/data/student/Fengjunming/SDXL_ControlNet/data/CF_OCT_augmented/199/199_02.png,/data/student/Fengjunming/SDXL_ControlNet/data/CF_OCT_augmented/199/199_01.png,/data/student/Fengjunming/SDXL_ControlNet/data/CF_OCT_augmented/199/199_02.txt,/data/student/Fengjunming/SDXL_ControlNet/data/CF_OCT_augmented/199/199_01.txt
/data/student/Fengjunming/SDXL_ControlNet/data/CF_OCT_augmented/135/135_02.png,/data/student/Fengjunming/SDXL_ControlNet/data/CF_OCT_augmented/135/135_01.png,/data/student/Fengjunming/SDXL_ControlNet/data/CF_OCT_augmented/135/135_02.txt,/data/student/Fengjunming/SDXL_ControlNet/data/CF_OCT_augmented/135/135_01.txt
/data/student/Fengjunming/SDXL_ControlNet/data/CF_OCT_augmented/179/179_02.png,/data/student/Fengjunming/SDXL_ControlNet/data/CF_OCT_augmented/179/179_01.png,/data/student/Fengjunming/SDXL_ControlNet/data/CF_OCT_augmented/179/179_02.txt,/data/student/Fengjunming/SDXL_ControlNet/data/CF_OCT_augmented/179/179_01.txt
/data/student/Fengjunming/SDXL_ControlNet/data/CF_OCT_augmented/121/121_02.png,/data/student/Fengjunming/SDXL_ControlNet/data/CF_OCT_augmented/121/121_01.png,/data/student/Fengjunming/SDXL_ControlNet/data/CF_OCT_augmented/121/121_02.txt,/data/student/Fengjunming/SDXL_ControlNet/data/CF_OCT_augmented/121/121_01.txt
/data/student/Fengjunming/SDXL_ControlNet/data/CF_OCT_augmented/035/035_02.png,/data/student/Fengjunming/SDXL_ControlNet/data/CF_OCT_augmented/035/035_01.png,/data/student/Fengjunming/SDXL_ControlNet/data/CF_OCT_augmented/035/035_02.txt,/data/student/Fengjunming/SDXL_ControlNet/data/CF_OCT_augmented/035/035_01.txt
/data/student/Fengjunming/SDXL_ControlNet/data/CF_OCT_augmented/049/049_02.png,/data/student/Fengjunming/SDXL_ControlNet/data/CF_OCT_augmented/049/049_01.png,/data/student/Fengjunming/SDXL_ControlNet/data/CF_OCT_augmented/049/049_02.txt,/data/student/Fengjunming/SDXL_ControlNet/data/CF_OCT_augmented/049/049_01.txt
/data/student/Fengjunming/SDXL_ControlNet/data/CF_OCT_augmented/170/170_02.png,/data/student/Fengjunming/SDXL_ControlNet/data/CF_OCT_augmented/170/170_01.png,/data/student/Fengjunming/SDXL_ControlNet/data/CF_OCT_augmented/170/170_02.txt,/data/student/Fengjunming/SDXL_ControlNet/data/CF_OCT_augmented/170/170_01.txt
/data/student/Fengjunming/SDXL_ControlNet/data/CF_OCT_augmented/139/139_02.png,/data/student/Fengjunming/SDXL_ControlNet/data/CF_OCT_augmented/139/139_01.png,/data/student/Fengjunming/SDXL_ControlNet/data/CF_OCT_augmented/139/139_02.txt,/data/student/Fengjunming/SDXL_ControlNet/data/CF_OCT_augmented/139/139_01.txt
/data/student/Fengjunming/SDXL_ControlNet/data/CF_OCT_augmented/150/150_02.png,/data/student/Fengjunming/SDXL_ControlNet/data/CF_OCT_augmented/150/150_01.png,/data/student/Fengjunming/SDXL_ControlNet/data/CF_OCT_augmented/150/150_02.txt,/data/student/Fengjunming/SDXL_ControlNet/data/CF_OCT_augmented/150/150_01.txt
/data/student/Fengjunming/SDXL_ControlNet/data/CF_OCT_augmented/133/133_02.png,/data/student/Fengjunming/SDXL_ControlNet/data/CF_OCT_augmented/133/133_01.png,/data/student/Fengjunming/SDXL_ControlNet/data/CF_OCT_augmented/133/133_02.txt,/data/student/Fengjunming/SDXL_ControlNet/data/CF_OCT_augmented/133/133_01.txt
/data/student/Fengjunming/SDXL_ControlNet/data/CF_OCT_augmented/128/128_02.png,/data/student/Fengjunming/SDXL_ControlNet/data/CF_OCT_augmented/128/128_01.png,/data/student/Fengjunming/SDXL_ControlNet/data/CF_OCT_augmented/128/128_02.txt,/data/student/Fengjunming/SDXL_ControlNet/data/CF_OCT_augmented/128/128_01.txt
/data/student/Fengjunming/SDXL_ControlNet/data/CF_OCT_augmented/022/022_02.png,/data/student/Fengjunming/SDXL_ControlNet/data/CF_OCT_augmented/022/022_01.png,/data/student/Fengjunming/SDXL_ControlNet/data/CF_OCT_augmented/022/022_02.txt,/data/student/Fengjunming/SDXL_ControlNet/data/CF_OCT_augmented/022/022_01.txt
/data/student/Fengjunming/SDXL_ControlNet/data/CF_OCT_augmented/082/082_02.png,/data/student/Fengjunming/SDXL_ControlNet/data/CF_OCT_augmented/082/082_01.png,/data/student/Fengjunming/SDXL_ControlNet/data/CF_OCT_augmented/082/082_02.txt,/data/student/Fengjunming/SDXL_ControlNet/data/CF_OCT_augmented/082/082_01.txt
/data/student/Fengjunming/SDXL_ControlNet/data/CF_OCT_augmented/078/078_02.png,/data/student/Fengjunming/SDXL_ControlNet/data/CF_OCT_augmented/078/078_01.png,/data/student/Fengjunming/SDXL_ControlNet/data/CF_OCT_augmented/078/078_02.txt,/data/student/Fengjunming/SDXL_ControlNet/data/CF_OCT_augmented/078/078_01.txt
/data/student/Fengjunming/SDXL_ControlNet/data/CF_OCT_augmented/010/010_02.png,/data/student/Fengjunming/SDXL_ControlNet/data/CF_OCT_augmented/010/010_01.png,/data/student/Fengjunming/SDXL_ControlNet/data/CF_OCT_augmented/010/010_02.txt,/data/student/Fengjunming/SDXL_ControlNet/data/CF_OCT_augmented/010/010_01.txt
/data/student/Fengjunming/SDXL_ControlNet/data/CF_OCT_augmented/083/083_02.png,/data/student/Fengjunming/SDXL_ControlNet/data/CF_OCT_augmented/083/083_01.png,/data/student/Fengjunming/SDXL_ControlNet/data/CF_OCT_augmented/083/083_02.txt,/data/student/Fengjunming/SDXL_ControlNet/data/CF_OCT_augmented/083/083_01.txt
/data/student/Fengjunming/SDXL_ControlNet/data/CF_OCT_augmented/165/165_02.png,/data/student/Fengjunming/SDXL_ControlNet/data/CF_OCT_augmented/165/165_01.png,/data/student/Fengjunming/SDXL_ControlNet/data/CF_OCT_augmented/165/165_02.txt,/data/student/Fengjunming/SDXL_ControlNet/data/CF_OCT_augmented/165/165_01.txt
/data/student/Fengjunming/SDXL_ControlNet/data/CF_OCT_augmented/120/120_02.png,/data/student/Fengjunming/SDXL_ControlNet/data/CF_OCT_augmented/120/120_01.png,/data/student/Fengjunming/SDXL_ControlNet/data/CF_OCT_augmented/120/120_02.txt,/data/student/Fengjunming/SDXL_ControlNet/data/CF_OCT_augmented/120/120_01.txt
/data/student/Fengjunming/SDXL_ControlNet/data/CF_OCT_augmented/090/090_02.png,/data/student/Fengjunming/SDXL_ControlNet/data/CF_OCT_augmented/090/090_01.png,/data/student/Fengjunming/SDXL_ControlNet/data/CF_OCT_augmented/090/090_02.txt,/data/student/Fengjunming/SDXL_ControlNet/data/CF_OCT_augmented/090/090_01.txt
/data/student/Fengjunming/SDXL_ControlNet/data/CF_OCT_augmented/069/069_02.png,/data/student/Fengjunming/SDXL_ControlNet/data/CF_OCT_augmented/069/069_01.png,/data/student/Fengjunming/SDXL_ControlNet/data/CF_OCT_augmented/069/069_02.txt,/data/student/Fengjunming/SDXL_ControlNet/data/CF_OCT_augmented/069/069_01.txt
/data/student/Fengjunming/SDXL_ControlNet/data/CF_OCT_augmented/054/054_02.png,/data/student/Fengjunming/SDXL_ControlNet/data/CF_OCT_augmented/054/054_01.png,/data/student/Fengjunming/SDXL_ControlNet/data/CF_OCT_augmented/054/054_02.txt,/data/student/Fengjunming/SDXL_ControlNet/data/CF_OCT_augmented/054/054_01.txt
/data/student/Fengjunming/SDXL_ControlNet/data/CF_OCT_augmented/091/091_02.png,/data/student/Fengjunming/SDXL_ControlNet/data/CF_OCT_augmented/091/091_01.png,/data/student/Fengjunming/SDXL_ControlNet/data/CF_OCT_augmented/091/091_02.txt,/data/student/Fengjunming/SDXL_ControlNet/data/CF_OCT_augmented/091/091_01.txt
/data/student/Fengjunming/SDXL_ControlNet/data/CF_OCT_augmented/095/095_02.png,/data/student/Fengjunming/SDXL_ControlNet/data/CF_OCT_augmented/095/095_01.png,/data/student/Fengjunming/SDXL_ControlNet/data/CF_OCT_augmented/095/095_02.txt,/data/student/Fengjunming/SDXL_ControlNet/data/CF_OCT_augmented/095/095_01.txt
/data/student/Fengjunming/SDXL_ControlNet/data/CF_OCT_augmented/042/042_02.png,/data/student/Fengjunming/SDXL_ControlNet/data/CF_OCT_augmented/042/042_01.png,/data/student/Fengjunming/SDXL_ControlNet/data/CF_OCT_augmented/042/042_02.txt,/data/student/Fengjunming/SDXL_ControlNet/data/CF_OCT_augmented/042/042_01.txt
/data/student/Fengjunming/SDXL_ControlNet/data/CF_OCT_augmented/094/094_02.png,/data/student/Fengjunming/SDXL_ControlNet/data/CF_OCT_augmented/094/094_01.png,/data/student/Fengjunming/SDXL_ControlNet/data/CF_OCT_augmented/094/094_02.txt,/data/student/Fengjunming/SDXL_ControlNet/data/CF_OCT_augmented/094/094_01.txt
/data/student/Fengjunming/SDXL_ControlNet/data/CF_OCT_augmented/117/117_02.png,/data/student/Fengjunming/SDXL_ControlNet/data/CF_OCT_augmented/117/117_01.png,/data/student/Fengjunming/SDXL_ControlNet/data/CF_OCT_augmented/117/117_02.txt,/data/student/Fengjunming/SDXL_ControlNet/data/CF_OCT_augmented/117/117_01.txt
/data/student/Fengjunming/SDXL_ControlNet/data/CF_OCT_augmented/200/200_02.png,/data/student/Fengjunming/SDXL_ControlNet/data/CF_OCT_augmented/200/200_01.png,/data/student/Fengjunming/SDXL_ControlNet/data/CF_OCT_augmented/200/200_02.txt,/data/student/Fengjunming/SDXL_ControlNet/data/CF_OCT_augmented/200/200_01.txt
/data/student/Fengjunming/SDXL_ControlNet/data/CF_OCT_augmented/158/158_02.png,/data/student/Fengjunming/SDXL_ControlNet/data/CF_OCT_augmented/158/158_01.png,/data/student/Fengjunming/SDXL_ControlNet/data/CF_OCT_augmented/158/158_02.txt,/data/student/Fengjunming/SDXL_ControlNet/data/CF_OCT_augmented/158/158_01.txt
/data/student/Fengjunming/SDXL_ControlNet/data/CF_OCT_augmented/026/026_02.png,/data/student/Fengjunming/SDXL_ControlNet/data/CF_OCT_augmented/026/026_01.png,/data/student/Fengjunming/SDXL_ControlNet/data/CF_OCT_augmented/026/026_02.txt,/data/student/Fengjunming/SDXL_ControlNet/data/CF_OCT_augmented/026/026_01.txt
/data/student/Fengjunming/SDXL_ControlNet/data/CF_OCT_augmented/181/181_02.png,/data/student/Fengjunming/SDXL_ControlNet/data/CF_OCT_augmented/181/181_01.png,/data/student/Fengjunming/SDXL_ControlNet/data/CF_OCT_augmented/181/181_02.txt,/data/student/Fengjunming/SDXL_ControlNet/data/CF_OCT_augmented/181/181_01.txt
/data/student/Fengjunming/SDXL_ControlNet/data/CF_OCT_augmented/148/148_02.png,/data/student/Fengjunming/SDXL_ControlNet/data/CF_OCT_augmented/148/148_01.png,/data/student/Fengjunming/SDXL_ControlNet/data/CF_OCT_augmented/148/148_02.txt,/data/student/Fengjunming/SDXL_ControlNet/data/CF_OCT_augmented/148/148_01.txt
/data/student/Fengjunming/SDXL_ControlNet/data/CF_OCT_augmented/075/075_02.png,/data/student/Fengjunming/SDXL_ControlNet/data/CF_OCT_augmented/075/075_01.png,/data/student/Fengjunming/SDXL_ControlNet/data/CF_OCT_augmented/075/075_02.txt,/data/student/Fengjunming/SDXL_ControlNet/data/CF_OCT_augmented/075/075_01.txt
/data/student/Fengjunming/SDXL_ControlNet/data/CF_OCT_augmented/059/059_02.png,/data/student/Fengjunming/SDXL_ControlNet/data/CF_OCT_augmented/059/059_01.png,/data/student/Fengjunming/SDXL_ControlNet/data/CF_OCT_augmented/059/059_02.txt,/data/student/Fengjunming/SDXL_ControlNet/data/CF_OCT_augmented/059/059_01.txt
/data/student/Fengjunming/SDXL_ControlNet/data/CF_OCT_augmented/153/153_02.png,/data/student/Fengjunming/SDXL_ControlNet/data/CF_OCT_augmented/153/153_01.png,/data/student/Fengjunming/SDXL_ControlNet/data/CF_OCT_augmented/153/153_02.txt,/data/student/Fengjunming/SDXL_ControlNet/data/CF_OCT_augmented/153/153_01.txt
/data/student/Fengjunming/SDXL_ControlNet/data/CF_OCT_augmented/018/018_02.png,/data/student/Fengjunming/SDXL_ControlNet/data/CF_OCT_augmented/018/018_01.png,/data/student/Fengjunming/SDXL_ControlNet/data/CF_OCT_augmented/018/018_02.txt,/data/student/Fengjunming/SDXL_ControlNet/data/CF_OCT_augmented/018/018_01.txt
/data/student/Fengjunming/SDXL_ControlNet/data/CF_OCT_augmented/050/050_02.png,/data/student/Fengjunming/SDXL_ControlNet/data/CF_OCT_augmented/050/050_01.png,/data/student/Fengjunming/SDXL_ControlNet/data/CF_OCT_augmented/050/050_02.txt,/data/student/Fengjunming/SDXL_ControlNet/data/CF_OCT_augmented/050/050_01.txt
/data/student/Fengjunming/SDXL_ControlNet/data/CF_OCT_augmented/093/093_02.png,/data/student/Fengjunming/SDXL_ControlNet/data/CF_OCT_augmented/093/093_01.png,/data/student/Fengjunming/SDXL_ControlNet/data/CF_OCT_augmented/093/093_02.txt,/data/student/Fengjunming/SDXL_ControlNet/data/CF_OCT_augmented/093/093_01.txt
/data/student/Fengjunming/SDXL_ControlNet/data/CF_OCT_augmented/076/076_02.png,/data/student/Fengjunming/SDXL_ControlNet/data/CF_OCT_augmented/076/076_01.png,/data/student/Fengjunming/SDXL_ControlNet/data/CF_OCT_augmented/076/076_02.txt,/data/student/Fengjunming/SDXL_ControlNet/data/CF_OCT_augmented/076/076_01.txt
/data/student/Fengjunming/SDXL_ControlNet/data/CF_OCT_augmented/142/142_02.png,/data/student/Fengjunming/SDXL_ControlNet/data/CF_OCT_augmented/142/142_01.png,/data/student/Fengjunming/SDXL_ControlNet/data/CF_OCT_augmented/142/142_02.txt,/data/student/Fengjunming/SDXL_ControlNet/data/CF_OCT_augmented/142/142_01.txt
/data/student/Fengjunming/SDXL_ControlNet/data/CF_OCT_augmented/021/021_02.png,/data/student/Fengjunming/SDXL_ControlNet/data/CF_OCT_augmented/021/021_01.png,/data/student/Fengjunming/SDXL_ControlNet/data/CF_OCT_augmented/021/021_02.txt,/data/student/Fengjunming/SDXL_ControlNet/data/CF_OCT_augmented/021/021_01.txt
/data/student/Fengjunming/SDXL_ControlNet/data/CF_OCT_augmented/097/097_02.png,/data/student/Fengjunming/SDXL_ControlNet/data/CF_OCT_augmented/097/097_01.png,/data/student/Fengjunming/SDXL_ControlNet/data/CF_OCT_augmented/097/097_02.txt,/data/student/Fengjunming/SDXL_ControlNet/data/CF_OCT_augmented/097/097_01.txt
/data/student/Fengjunming/SDXL_ControlNet/data/CF_OCT_augmented/032/032_02.png,/data/student/Fengjunming/SDXL_ControlNet/data/CF_OCT_augmented/032/032_01.png,/data/student/Fengjunming/SDXL_ControlNet/data/CF_OCT_augmented/032/032_02.txt,/data/student/Fengjunming/SDXL_ControlNet/data/CF_OCT_augmented/032/032_01.txt
/data/student/Fengjunming/SDXL_ControlNet/data/CF_OCT_augmented/138/138_02.png,/data/student/Fengjunming/SDXL_ControlNet/data/CF_OCT_augmented/138/138_01.png,/data/student/Fengjunming/SDXL_ControlNet/data/CF_OCT_augmented/138/138_02.txt,/data/student/Fengjunming/SDXL_ControlNet/data/CF_OCT_augmented/138/138_01.txt
/data/student/Fengjunming/SDXL_ControlNet/data/CF_OCT_augmented/118/118_02.png,/data/student/Fengjunming/SDXL_ControlNet/data/CF_OCT_augmented/118/118_01.png,/data/student/Fengjunming/SDXL_ControlNet/data/CF_OCT_augmented/118/118_02.txt,/data/student/Fengjunming/SDXL_ControlNet/data/CF_OCT_augmented/118/118_01.txt
/data/student/Fengjunming/SDXL_ControlNet/data/CF_OCT_augmented/012/012_02.png,/data/student/Fengjunming/SDXL_ControlNet/data/CF_OCT_augmented/012/012_01.png,/data/student/Fengjunming/SDXL_ControlNet/data/CF_OCT_augmented/012/012_02.txt,/data/student/Fengjunming/SDXL_ControlNet/data/CF_OCT_augmented/012/012_01.txt
/data/student/Fengjunming/SDXL_ControlNet/data/CF_OCT_augmented/068/068_02.png,/data/student/Fengjunming/SDXL_ControlNet/data/CF_OCT_augmented/068/068_01.png,/data/student/Fengjunming/SDXL_ControlNet/data/CF_OCT_augmented/068/068_02.txt,/data/student/Fengjunming/SDXL_ControlNet/data/CF_OCT_augmented/068/068_01.txt
/data/student/Fengjunming/SDXL_ControlNet/data/CF_OCT_augmented/089/089_02.png,/data/student/Fengjunming/SDXL_ControlNet/data/CF_OCT_augmented/089/089_01.png,/data/student/Fengjunming/SDXL_ControlNet/data/CF_OCT_augmented/089/089_02.txt,/data/student/Fengjunming/SDXL_ControlNet/data/CF_OCT_augmented/089/089_01.txt
/data/student/Fengjunming/SDXL_ControlNet/data/CF_OCT_augmented/092/092_02.png,/data/student/Fengjunming/SDXL_ControlNet/data/CF_OCT_augmented/092/092_01.png,/data/student/Fengjunming/SDXL_ControlNet/data/CF_OCT_augmented/092/092_02.txt,/data/student/Fengjunming/SDXL_ControlNet/data/CF_OCT_augmented/092/092_01.txt
/data/student/Fengjunming/SDXL_ControlNet/data/CF_OCT_augmented/025/025_02.png,/data/student/Fengjunming/SDXL_ControlNet/data/CF_OCT_augmented/025/025_01.png,/data/student/Fengjunming/SDXL_ControlNet/data/CF_OCT_augmented/025/025_02.txt,/data/student/Fengjunming/SDXL_ControlNet/data/CF_OCT_augmented/025/025_01.txt
/data/student/Fengjunming/SDXL_ControlNet/data/CF_OCT_augmented/098/098_02.png,/data/student/Fengjunming/SDXL_ControlNet/data/CF_OCT_augmented/098/098_01.png,/data/student/Fengjunming/SDXL_ControlNet/data/CF_OCT_augmented/098/098_02.txt,/data/student/Fengjunming/SDXL_ControlNet/data/CF_OCT_augmented/098/098_01.txt
/data/student/Fengjunming/SDXL_ControlNet/data/CF_OCT_augmented/183/183_02.png,/data/student/Fengjunming/SDXL_ControlNet/data/CF_OCT_augmented/183/183_01.png,/data/student/Fengjunming/SDXL_ControlNet/data/CF_OCT_augmented/183/183_02.txt,/data/student/Fengjunming/SDXL_ControlNet/data/CF_OCT_augmented/183/183_01.txt
/data/student/Fengjunming/SDXL_ControlNet/data/CF_OCT_augmented/191/191_02.png,/data/student/Fengjunming/SDXL_ControlNet/data/CF_OCT_augmented/191/191_01.png,/data/student/Fengjunming/SDXL_ControlNet/data/CF_OCT_augmented/191/191_02.txt,/data/student/Fengjunming/SDXL_ControlNet/data/CF_OCT_augmented/191/191_01.txt
